index,0
The Beginning Begins,https://docs.google.com/document/d/e/2PACX-1vRKR-9o5d1OLxAseP3qu4g-OlJ0sBEHWsG2_4ytUZpuGQM1bwSn1G3vAmDXIHALZ9X74ULJIVK-2c5x/pub
Clash of the Corn Cuties,https://docs.google.com/document/d/e/2PACX-1vQ1LtfZ94OaWE9rXLhfR7RoxLI-DWaS_xYSbeOjPvuPsY9Ml7l_jhJX6z-qDV2PuZkawNwq9IzDkwKJ/pub
After the Afterlife,https://docs.google.com/document/d/e/2PACX-1vSl4QxicZf9h7JafBIRANGsEScLJLTbCYzbCCbrl-B6VMCySUUVcDCl4w43A57RLYEvssFlFZhj3ySA/pub
Rumble Road,https://docs.google.com/document/d/e/2PACX-1vT0fBiE0vY2EjU8PlR8aFUJHJMSbVG80_33t32lc8KxKyIYEfjnufa-Iz398jk0Uam7qk3urYJTpcP7/pub
The Pixie and the Palimpsest,https://docs.google.com/document/d/e/2PACX-1vTysHaphqizFFtcFBNyAahqUIaeEbx_lvONuspRTF8-OSZZezg7XD6CduiyLTmhEpdGNHYqCm99dHha/pub
Brawl at the Black Pit,https://docs.google.com/document/d/e/2PACX-1vRqnVuHcLTj8R6ixEyoYLoulfO8Fpm_iESB3KADDbv1J3p5zHoi3oAgmYv6hgLBXJ0taK6UExrSygEl/pub
Graveyard of Good and Evil,https://docs.google.com/document/d/e/2PACX-1vQQ1GyfskJHlAZCyXdRwYNnwgrKGOeZ0uUzQne7EWXonf-Tr5nLnXZ7vr_yqx71wbkpGuwCQ91piWz-/pub
Havoc on the Half-Pipe,https://docs.google.com/document/d/e/2PACX-1vT70u6XsNhbDajPflZj4LvPcBLbl-AghN21O2Ed_enGQ7bZbDHhLYOt8mkgh0AKfZ9uQZXDoaVPMdZe/pub
Dishing with a Demon,https://docs.google.com/document/d/e/2PACX-1vQ1fg9N0eJjkq-0DKcKAIthzcez8GFLoG9D2ZOQZOOmLOisJVR8FGiRlaxFNBylZB67Dun8AO_2YbKP/pub
Battle of the Bloodrush Brethren,https://docs.google.com/document/d/e/2PACX-1vQnbDSlAs21j_QSw_c0lt_ZyqrkJ-5JSiBeK9HFvsopQW4LqOUZSpRYH2n55cHuOQvR6atM4Hq_7GsU/pub
"Cool Kids, Cold Case",https://docs.google.com/document/d/e/2PACX-1vR_NPp5BlzOSv1Iboca0amFNeuqVzrzGHzqnZbXxJ8tzK_LGTkPlnYfYCXel5NzdIs8pA5_L3YNdM2c/pub
The Sisterly Showdown,https://docs.google.com/document/d/e/2PACX-1vQZx5Uhp5hv2MdjicxeX8UcY_vEBHogjREJdG93SMto53xznZGgp054KRxKuExMNsUgbmOSWVCj5GOa/pub
First Kisses and Last Words,https://docs.google.com/document/d/e/2PACX-1vQOfoWqSVOqf2wjiVpBvq-T8rclCS9tIc36m_qqQtJLU11VlViTNb39Ggd90bfkkD0ckuFjO91H2bzS/pub
Arcade Ambush,https://docs.google.com/document/d/e/2PACX-1vQH5ngs85G7HoD3Ov5gGtpPlRGIufR71pe6v2TtffRQKiIHo_pviiWeUJYPbTyj7nKKhr5rlVUGhvqj/pub
Family in Flames,https://docs.google.com/document/d/e/2PACX-1vRN2YyKWcQcvjJESXtaETFtCaTulF7c3MB9BzGY6X7XkVt-jclityx_hz76i-uNCzkLvawxzxMb-2vm/pub
Prompocalypse,https://docs.google.com/document/d/e/2PACX-1vSecgJBjvTcOupeFUWd2iZHxX9ZyVwRf2ch1KmmbA0Nw_OFvAEslgny9likcgoMoE1bKgbFHuPiFo54/pub
Prompocalypse Part 2,https://docs.google.com/document/d/e/2PACX-1vRYjzjHk1rYt7klBpXexlzUH5jPm2xmITrIheR3ue_2pLqYNemBXOXBzJsc6W-48Lt1h0jm8fxVQYCd/pub
Fantasy High LIVE in Brooklyn,https://docs.google.com/document/d/e/2PACX-1vRT8oPXI0srLzj6dislDK6ELz1JrwVTAE1JPAb23FOXeTcQ43bXNT8MwGtSAxSsfQ2PgvWzKXtcqG0S/pub
Fantasy High LIVE at RTX Austin,https://docs.google.com/document/d/e/2PACX-1vQGgRaq6VQNh9fw68KZDSRW2ULnc8YLgcf0hrHetjf5oQqQQp38nsSYnpq5CdD-6enAKTTvylx2ymfA/pub
Episode 1:  开头开始了,https://docs.google.com/document/d/e/2PACX-1vTYA7TIJ4b0bcHHV8baaL9fS8CQKotzeWjRDGam1epE8xDzVWA-K6ovhpe4WGr2fQ/pub
Episode 2: 玉米小可爱的冲突,https://docs.google.com/document/d/e/2PACX-1vRzzR-mvQYGGYIPebMgiG_wPLpwEHb5K78w1jmh44a2cR-027MJmIEUsNi24sLTSGOtLlIcZJJbV6d7/pub
Episode 3: 在来世之后,https://docs.google.com/document/d/e/2PACX-1vTfP5kCntfVnFQbPKv37-1Gcp5iqLhv00E5BqgWP3f96AY_Yy88DSR7rnLf_zMcBXMxsCxftaQf_rAf/pub
Episode 4: 隆隆路,https://docs.google.com/document/d/e/2PACX-1vQxg-E91se9zz84Cppx3RAcK32y3ItzuQu6_iAq9NPIMde007wM34BoSxGRjECTbiwVhoLDD03SPsib/pub
Sophomores Start,https://docs.google.com/document/d/e/2PACX-1vQ40U6l1M7kaYMVkk9lrdLJvOWPwUdl3heZFf5WhIsiJ0Vd_4qtFKWKAEGUb9MAfh2OGMNTZ3sssprK/pub
Mirror Madness,https://docs.google.com/document/d/e/2PACX-1vSz0cqIlyixzjaa6AwjAen2-cjuj90RGCF99XTwflEexB7QFojGKYUcZ80WXbum_2CAIhLosPoId4sC/pub
Havoc at the Hotel Cavalier,https://docs.google.com/document/d/e/2PACX-1vRmzdO5IU1L_QoeGrh_SVZhrKt9v4LMchphzNd9-MgDS1JP7ZmAVRwMyjPR_2rDXBM1gMYdNOrU_tNz/pub
Heartache on the Celestine Sea,https://docs.google.com/document/d/e/2PACX-1vRuJQLD91mq74goawU--8175VwasnadKLoaxVrlmhN9XZRLxJw2GbNus_txt27nFPo7Arkclq1AGzAZ/pub
Leviathan Rock City,https://docs.google.com/document/d/e/2PACX-1vS6Lnn_F26Z7fbaF-oJuDSEZidMceatsKv6UQE7PHEtWRmbhOISSPWM90zDqYQqTIBe1tV2Ekfa2OVc/pub
Pirate Brawl,https://docs.google.com/document/d/e/2PACX-1vTdVBdla2S1RIMMF8aqLMkpceXPczzz2tqplAtkoDeyo9-xZHZPzEVVs8IBi4zqdiq-yaoL9MCLT282/pub
The Friendship Section,https://docs.google.com/document/d/e/2PACX-1vSSfLbfk1_LK9uqtXaY46NGToqevmqkdIZiN1SbZOVpkN1XFo0duIwTKS4-Gs83A5N8l0pw2LQUQNmD/pub
The Row and the Ruction,https://docs.google.com/document/d/e/2PACX-1vTLy_Gp6_tXtMV8pzl0YiIHzd1TXBvOJq9zY9C7g5w4hbzbr8cXzU2gKDT8S0UL8KQJiwxcRvPSX_Oz/pub
Fallinel,https://docs.google.com/document/d/e/2PACX-1vRkvPA_Q_tE33L9sSWQcu99zinpbZtXIFmG5tY84TMefw83-rK83DL3uos21R_YAREYi4P6M_YhVHcZ/pub
The Dangerous Mind of Aelwyn Abernant,https://docs.google.com/document/d/e/2PACX-1vTjx_VuWUARMCvF3Z3iuvWGq6a14ehLvSG9fICeFyXqtwzVJHbY-6O55u4BNT7QhH6OOhlyex6J_u62/pub
Revelations & Revivifications,https://docs.google.com/document/d/e/2PACX-1vRFPuQItsiadZYaCtE9ufwkyoOiz2YDEEQOTrVu1ADll9hlT9vaj6zodFP-3cStF85QBwTCdcd7St5f/pub
Crustaceans & Crushes,https://docs.google.com/document/d/e/2PACX-1vSt_Z0e9A1GlCDuhZ8RcdUc5XAAOBtBOJvqudzEQo8z5p3JOQXWt7CRL-xNPyA06uwyNPTiVxiKhpTg/pub
Hellbound,https://docs.google.com/document/d/e/2PACX-1vRxXRQiLy1p6YWdQmX7brMRvZpb_Ud9b-OsPIUKktSju16csS_-81OwqdEDqh0eOtve9R45oAs9fYMY/pub
Daddies & Demons,https://docs.google.com/document/d/e/2PACX-1vT3Zk5dEZXMcj3C_sgkUurVzPu6zF-Y6A0U2jEOy1VewmE2AbNDjjCOVqi-6H9E_4_RDw5zDyubGMD_/pub
Blast from the Passed,https://docs.google.com/document/d/e/2PACX-1vTPQSgE51UMIyIyKWYjjUxap7C2d5tDN7JiutgRlGX5JQ23IgeIsErxjH3ZLGPQ5vnCwAnfL87f_93u/pub
My Green Heaven,https://docs.google.com/document/d/e/2PACX-1vSmPV9bIjk0vBPIfVFuvwyrF5mcWvNcPxeTx_G6Q-1y7cr-rCDd9U0cyUAoI-Ni7CT7dhyCtC9SbAAX/pub
The Forest of the Nightmare King,https://docs.google.com/document/d/e/2PACX-1vScTDIQmtsf2L7uT3BZhxULMd2FPKMjvj7UqFTdfcrtdAAX-GExlh9lkuRjpXLRBH8Rym3c2gwB9kqS/pub
Fearful Symmetry,https://docs.google.com/document/d/e/2PACX-1vT5ZQ8D-tlWGabunUAg0_LYbZKRDXHVZcF-z8h6c73LpT9v7Z5184iIHakqHv7W3QsDUsE8xa7CiNy3/pub
Spring Break! I Believe In You! (Part 1),https://docs.google.com/document/d/e/2PACX-1vSDBNpozKvKjXX77ofJvRIZhfsm9OPViBWG1NkICdki3OSn5HAcoXT_R5twOdGrb2hCYMKAVfxWdIw7/pub
Spring Break! I Believe In You! (Part 2),https://docs.google.com/document/d/e/2PACX-1vR292p0bQ3wu9w1aZne4jrtimWs3atsFxVHp9gRnbpqwMSQi6UC9M2vJKCv9-s9n6LYJZ6LixGQuK_Y/pub
College Visit (RTX @ Home),https://docs.google.com/document/d/e/2PACX-1vTkzDpgZInsAqr2g9bLJqhifxW42_pphQJEFSA-efIbz1dYC7wdbWfO_n3pKzOSHekpupaOSuuOR7bL/pub
Boys' Night! (Roll20Con),https://docs.google.com/document/d/e/2PACX-1vSteHtxo7J4azV4Q1gq33ZS43Uwxq2lZELLGlOf-OG7c5-1OhAd_tbfgBoA0u9xIHxsTWULXtLU7plx/pub
Welcome to the Dark Side,https://docs.google.com/document/d/e/2PACX-1vQz4x7LX6alBgon3p1DW474WDwAnTc8oDrpQY2HS4J8wolIt33U-CWYklridIWBDtooZdBxG2fLGC1W/pub
Volcano of Violence,https://docs.google.com/document/d/e/2PACX-1vTPaush4FGXNXPzsvLtYOHoQtuv_FWjUK76wpbvjrfrvxY6txf-KW-nuFlf2-A35MsGxfGGx5LglHGs/pub
The Caged Elf and the Crown,https://docs.google.com/document/d/e/2PACX-1vSfPfkQw0pzPfxAhP8_do9jYqaJfSExIkZ1UfIqs3eXFFaM4YYEFgmLgLxWa0aK-fqSR5vDBtGTAMAd/pub
Airship Ambush,https://docs.google.com/document/d/e/2PACX-1vSdx41LB7AdniXr7q8lEWJjcaHhzurnEFJwbTAX37brAXtlQuVVFzHC2E0AsEy8Q7zCi1gNn9dHiB4r/pub
Bloodlines and Lifelines,https://docs.google.com/document/d/e/2PACX-1vTMH05_GHSppPOCresceAkiT1y5iAaGxOSVtxqaoq8Govy2-QGExh1kYVGJOslLbXoSox1zIIBTcQjd/pub
The Tomb of Ultimate Evil,https://docs.google.com/document/d/e/2PACX-1vTssVCXjsb6SxVQofdVi5lXrcnM0Ut9oBvJPYDHRBwWy7luRqge1BVMJwB6HCvM8IjnRJk9l-ejNd9M/pub
Start Spreading the News,https://docs.google.com/document/d/e/2PACX-1vStHBl5AvoF6khAfkbltamX5fhBWLYoiw0hhguKaMQ7cjqXxsHb6NLnOE4MGw91rHB2cWJvJw_ycl3A/pub
Mutant Santa Melee,https://docs.google.com/document/d/e/2PACX-1vTqtrT_dqc81-P9pdpVdozxro2kdRde-8nheSrdUxl_XSabbc3Utf6YTU8sdo5o4VQssVmffwHtF86n/pub
Pigeon Plus Ones,https://docs.google.com/document/d/e/2PACX-1vRTYB8W-i94hSAQLMSszkj95nTkvq7K0BrR5-ygcpw2npmIm4LEnIsY5heJPKBfGolrtLxgif1IVvkD/pub
Scramble in the Sewers,https://docs.google.com/document/d/e/2PACX-1vRGGv_2PEdZuHm4pWQhcKUTYgKaOSI4NFVaokUx7hjv6tbQ-QOpa1tYlaNEoitgSX9FIp84twLzua79/pub
A New York Wedding,https://docs.google.com/document/d/e/2PACX-1vTyqC88J4UvK2yNzBX0f2QP8SU-rr9JSB5jJlY9rL8S3RpdTcQE-bDSAWkSoExnL1325eJbKuHL1IdV/pub
The War of Bugs and Rats,https://docs.google.com/document/d/e/2PACX-1vQYHPHT0yZJ_4t45ZISr2PaNB2DLxO9zrlcJQyQVMnKRa2S6XEEaR8ZA90gD3iGoMJ2hAzT7hGUQOh-/pub
We Need to Talk About Pete,https://docs.google.com/document/d/e/2PACX-1vSGUbuAFIXV1KloVUs3kJq072nkCtn6u1-o0iRy8SQ7q_oD0qj3Yrbj1hz6rQ1ra0ZNSqr2vhjhYp7E/pub
Subway Skirmish,https://docs.google.com/document/d/e/2PACX-1vRyLH5K5qa4ZEc2oZRX19ruwqPFyOFliNvEf3ihdx_kdmwcwJwR1YKXAciJ9loaahY0ryAzLrLMwH_q/pub
Borough of Dreams,https://docs.google.com/document/d/e/2PACX-1vQaQxo9Fgedgh8O-Q-unqi2Ox078c8bVTcvIB7ZEr2ZFnzYcXxVRDOunB4hiiEgXPpssiWm-62PHpYY/pub
Panic at the Art Show,https://docs.google.com/document/d/e/2PACX-1vTpdX3Nq2PzM0vWymsZRoVbfZ-PHCvMDEnew1E8-aPNl50K8rJlGFYMRQTywUncleUEcQsgQm0OtUv0/pub
Home for the Holidays,https://docs.google.com/document/d/e/2PACX-1vSHZ7lfAWbKOlpzhMIFFxcOm0EBzDUNYq3aYgkMl8i4szx0v9lTw3aoZ7prF0CKlASyKeaynGlIhMQb/pub
Broadway Brawl,https://docs.google.com/document/d/e/2PACX-1vQnI0AZeM6ghuiLMtUt1a7vK0H22YvUEyzYyx0XW1apNy0NKlgbsJA4CL2Rt14dqxaycwumGLgedvCc/pub
Faeries and Feces,https://docs.google.com/document/d/e/2PACX-1vS_zvKVwkNyQkXzjGSiSyNDOGTtYZEdheTacuLsTkbK6VSLNQGZbISdp7_f0L00Koh4vzwWwCfPAQJj/pub
Showdown at the Stock Exchange,https://docs.google.com/document/d/e/2PACX-1vTjMKO8vnsszuJzKzqEX6RWoNEsCMExrjA5Ep4rk3USYNfqBnxJa01m2WUbi9S-yGTTvDqXJDo3kl5c/pub
Hall of Heroes,https://docs.google.com/document/d/e/2PACX-1vQ-Dfs26u6aU9iF8vy1sYHQTKuoajkGCEXYga9fTwwec-BCyXqC_KuudIlk8u0StYjWxIWpKrepT5ua/pub
Times Squaremageddon,https://docs.google.com/document/d/e/2PACX-1vT40M5VI9LlBUEoa0L8Mx1Q5uOS4nlQdWe3eph3fBE3hqn52AiuqAdUGflBSU7BsCJGdNqMxfCk1vm6/pub
Times Squaremageddon Pt. 2,https://docs.google.com/document/d/e/2PACX-1vQqv3877Z80jtIVvZ4A60QXBD30qd2rLHRLt0U81w1aqawlXtMD9xMDQb3e0-ZElioJsC0icbsCPVIf/pub
The Fall of New York,https://docs.google.com/document/d/e/2PACX-1vTdwc5mosFJttvPPcsaRAV9TMqAXhL6vMx94rHuxZ4T7nA43YrjoZbZs7GYAFAnDM0IqKl-nf-_KUM7/pub
Heaven and Hell On Earth,https://docs.google.com/document/d/e/2PACX-1vSrA-Kw7CpBdvqrOyNTfsOhTZVLvWv2u9L3x5a3jDSf3yTxgkpOapUoVQ0FzSKzwgIzyCWtx-HrQeW1/pub
The Mystery of the Haunted Subway,https://docs.google.com/document/d/e/2PACX-1vQX3F-NU0c9B-FdwJm9myuUOa7g21stPnQADy2R93kPKWO_Sgo6Ew_IRtlMRF8wc-87MEo_fOu08vPF/pub
We Need To Talk About Cody,https://docs.google.com/document/d/e/2PACX-1vQqBZHKBAeUrVdqb8iFvzkBMgA9qEcqSErByCJGQUM9sAWY3BjfsW60cPfm-X-8NOlayd54orcVYVNN/pub
Trouble at the Tunnel,https://docs.google.com/document/d/e/2PACX-1vTxNCIHDySen1BTqDmlF8ggNBnUfcBtw2m1OomBHM_2BMii8FyZ3p1t6ct_XxXUhtMTxB8pB0wWTczY/pub
Collaborators,https://docs.google.com/document/d/e/2PACX-1vR8y1RCQUPs7X1kuMMSR4YvOhasjFDCJbM0ktL8a3SyEjOsTuvjx97thiWp1CthVoaWLfAILqPf4pu1/pub
Parade of Peril,https://docs.google.com/document/d/e/2PACX-1vRo-pr_qk015ueEe39g-vF6ZaRW29UR_PLQXbZXJ0PARxfYBcgbbvd9XaMLPUhjUORP0Gb5aulm2B_X/pub
Feasts & Families,https://docs.google.com/document/d/e/2PACX-1vSX1avozNfVnsObUoyS0ISp2_HE-zAykHLoRcxIiuu9BWe4WNFufEeokEDGx5tDMsqoIS3ZJ3Sx01hm/pub
Fight At The Museum,https://docs.google.com/document/d/e/2PACX-1vR5CQSqWOx4d3E6HcRCFgs3tothVhtfJmSJBLY8zxB2CsBQOPT79rkXU_vHpFz_aXObpWl5GUd2vhUG/pub
Nulla Dies Umquam Memori Vos Eximet Aevo,https://docs.google.com/document/d/e/2PACX-1vSYuPX5e-LOLozX7ACHPaF6a_4REMptB94D7JEoWvWYm0Bku-hLFjz3H-UOOmgQrXPcw-36fvZgL93N/pub
Let's Get Tiny,https://docs.google.com/document/d/e/2PACX-1vQxR7EufHNc7uZeSOF82Bj8y6oTJSHRddADFmUlpHftq4s4pQCflZlcdR86cTYEdmFel1N-GJB-CAGt/pub
The Battle of the Hot Dog Cart,https://docs.google.com/document/d/e/2PACX-1vTepsHVIrSHNRW8XYjwxL5XxZ7Pg_O_KvMRDrVckm1Klm895bWWQ5ztCXg9VOmhyqalgFPQpu2M8kyx/pub
Of Rats & Dragons,https://docs.google.com/document/d/e/2PACX-1vR_7UotSVzCZ-b1Aoji9Gjog0-4mJCICfMV-tiM94WhSmKU2dGTjNTlEdKRb7mRw0nmImlLQciZmCG0/pub
History Checks and Lost Dex,https://docs.google.com/document/d/e/2PACX-1vRMTrJamdnlsqD1TP73kOfgi4lKlyLCDk7Jeq-JEcdf97oeb2hjOVOFCewtITo8qIeywya9xKKjqQXk/pub
For the Hoard!,https://docs.google.com/document/d/e/2PACX-1vS9iDlt2hiI7EwOdsaKxfwyYMUMJSlwIepUY9ksytvaq6zgn3cbI647QabRtLDqz5njAUGsI1h3bM4l/pub
Treachery at Gramercy,https://docs.google.com/document/d/e/2PACX-1vTJU-P2kGQtRBi8s7pNj7G94T7cMVEWpmZ-F5FdSkEBpHPrN_N-EMv7HQP0Tf8ZlsPvNgz_5ItiSLuT/pub
Two Sides of the Same Coin (Part 1),https://docs.google.com/document/d/e/2PACX-1vR5QJD4PpKu_YcjFGJPQJkL1Zoh3oWFOEMn7PEoAFHSaVKqJeyU8jMYO_qKVfv5H0fYuwBW2O2LqdTw/pub
Two Sides of the Same Coin (Part 2),https://docs.google.com/document/d/e/2PACX-1vRBjKXrw5NwqYEZnQnztaFFZg6xNPlRxsmdMLuhRutCxAIg4p_ZJsIPtWhdzDKMnAPl0C4IT9LJ9tUx/pub
Big Little Crimes,https://docs.google.com/document/d/e/2PACX-1vSluVSa79YKIHYtGA9_2TNPJqCu3K-AnMkVSiLghGTqcY9axWLSKJE2kLgHG0AmmzzUhKTxlMX5tPf3/pub
Chicanery at Shoeby's Casino,https://docs.google.com/document/d/e/2PACX-1vQfN-mGN3O64tqJIiOye7h_rauCXdLtsP3iAYxPjseXK1M7Z9E1SvpSfu7Zobsv-hmyJT-1Y25hgUwo/pub
Scheming and Scoring Fairy Dust,https://docs.google.com/document/d/e/2PACX-1vSIeqvt-30BA8T-F8pzseU4zmfMxazKhLxc1Al5SYBjaoDhyIIkiMyGY6j4-JupAZI-hDfGe9gpFhzg/pub
Breaking and Entering,https://docs.google.com/document/d/e/2PACX-1vSiF5Rh1q0N4NTO__rwv_-d7Rh6s5IiulDVGRnRvQzAB5DIKGOGZ7haZC0RZCSU4AOEK2kC-TK0ZyoB/pub
Fighting with Fire,https://docs.google.com/document/d/e/2PACX-1vTkSHugnGiFWmyFK2aMfnw2WcTQrbH0HJ3fiYf1_lJMc0NU9nJTXU1LRlReWj9VQn4T6GteLGO7li-5/pub
The Great Chase,https://docs.google.com/document/d/e/2PACX-1vRyigX5pQp-fOplwRHL9G9N16WbcuGZAlFxdkUMCvCjUQawzatl5vjXftlejwCIXkBL9VIjZiz4N0pU/pub
There is Strength in Sweetness,https://docs.google.com/document/d/e/2PACX-1vSjZuF4PeyhFDeoxlHU3jPhM5UBkpg2DMacQzj-CWDtmn23ym2rHEwGj3ryvXgdH3vbDawMTILkDDvo/pub
Ambush on the Sucrosi Road,https://docs.google.com/document/d/e/2PACX-1vQhNtM5qNvfjlpumT4iYAC47RkRwiT8rsx_bI73eBGFiYgDfnw1_tuqxuJ-PiRnHaHHq5HtmTXcQE4q/pub
Keep Sharp,https://docs.google.com/document/d/e/2PACX-1vQM4WxyUg0mCsoSdXDNHcOsylwVlrOThP7fS-PEspvA9kxbBtZT6FXiigTD9mjtqWoQ36NHaY4-_bsB/pub
The Grand Tournament,https://docs.google.com/document/d/e/2PACX-1vSrtL_l-2ZFNw-rwEkK-qsWlsopaZHsQPnAndx20Xeds-3FgWogpm4AFsPjwMsYqFef7c9WcJsdNn3t/pub
Lapin's Big Day,https://docs.google.com/document/d/e/2PACX-1vRk9VzEu7vMzhp7zKIHUoajaWlks_rLZMiDR-RI0LJVzVf340kt0MKnBLZYDXUw-O_k4xVtOv1vO1yb/pub
Chaos in the Cathedral,https://docs.google.com/document/d/e/2PACX-1vRSekQhblNWc_5UC9b5L5RXoQlS4uXy4drV0Mwe859llRmuxLXk88jLCFduLrt0DL1DTuK7EiywI-Mq/pub
Escape from the Bulb Creeps,https://docs.google.com/document/d/e/2PACX-1vRkPv69HhS08Fjf2dvwfXe3n6C_oue0S1Dd_4JWn56d1---2A_5TIrYfqoChAtnqPmD95CqriIH23IL/pub
Deep Bleu Sea,https://docs.google.com/document/d/e/2PACX-1vQnc577_NI0IEI7F-jMam-WMoPe_1Q5xt6F_-54ooOhM0zIV5etRp80B26HfvDnkfGgHXQKww130-Qx/pub
Safe Harbor,https://docs.google.com/document/d/e/2PACX-1vQI5Cg6t65A5EUDfZ9jYqMRrIcAcebCh-Mwwl3THhU4oRk4IJ2ChkktrTj5Amtp6JS0cbz6bXDpJG6-/pub
Blood & Bread,https://docs.google.com/document/d/e/2PACX-1vQRY0426CFshXhvPv0wb13gw-Ezn40Y6QgALTmSa1I6Fe6a26LrN5G-SaZRc8_D8FkHhPjHQWgvyoRM/pub
At the Mountains of Sweetness,https://docs.google.com/document/d/e/2PACX-1vTLb-7KMl2qRX4Q3w4U5WGyZry-QcDucFI-jjKripyjPWjZ8PyW57zqgqWxDdWkGwZeKuJj3RDWgU5k/pub
Rescue at Buzzybrook,https://docs.google.com/document/d/e/2PACX-1vRDYz3L3ST3hfqmxeS_9lOVbV7xWxtNY-4fvFwjIr3jkcMo1z2viRXSrghGP7MpIjMnroZhsiVmQ64U/pub
Family Ties,https://docs.google.com/document/d/e/2PACX-1vQ5ZWmlSuzjkLFMqyKWw9CwXmz3vmNvnAmA0vNF2emP8Ecx0yYWJ2O6MC6eketPacIZsO-iH8hCOQTM/pub
Encounter in the Ice Cream Temple,https://docs.google.com/document/d/e/2PACX-1vQNlNALUOtMqFD_HZ-V4VOrcwieJ1sBb92qShapbZAwo-AiAoCObX6enOkp3tVQcZaLjGwUeigCyV-g/pub
The Two Balls,https://docs.google.com/document/d/e/2PACX-1vQdIOR9d_jJVNhnpvxbGNsb8lLaCY82gybZaa600orgwB2xnGTqij5DU4qy23XBeEL9ak8HWXI3wrnl/pub
For Candia! (Part 1),https://docs.google.com/document/d/e/2PACX-1vTQpwED8_hSXlE1tewnzQ7q_R8iSunadaIlWeYW7YrATDgQre0iRSnoE1xJHElg7dsPshoiAw-zyy31/pub
For Candia! (Part 2),https://docs.google.com/document/d/e/2PACX-1vQpfZwJoBl3xhak74fbCsWawsLjHjFU-U3K0vbodMvDqbHnGllSdqnP0gf_vaQJtXNpA9x58TokkpxP/pub
A Heaping Helping of Trouble,https://docs.google.com/document/d/e/2PACX-1vRbrCAqR4hUFDMR9qGJ85w53uBzZuOJzMlqwerRBt7Ag19vVv30npDR_sWVGwovHQ-QhR4aBwztZ3fa/pub
The Daughter of Storms,https://docs.google.com/document/d/e/2PACX-1vRXR4rJXpR5tcHULA188jXgToUPSGyb3eNmS_toMKGy6eDaDQ9cHq1BYA-g3NkhjJqOvrOEmfBePZ-4/pub
Into the Sternwood,https://docs.google.com/document/d/e/2PACX-1vTPV5Sp5fNDKWknjQhPC1UTImMnflqOPUq9GqVwSxmxGgj7bPLpdDBKnbHK_klQchX79UwvB4qp2dJm/pub
I'm Worth This,https://docs.google.com/document/d/e/2PACX-1vQj2N2N1x6F9qL77oBdFAMGr-IW9qqm4zQROjF6yWwNIpAi9JWtv1nLP8MxIcgw9-4TpL8i6YVDoVc2/pub
Scramble to the Ramble,https://docs.google.com/document/d/e/2PACX-1vQLxaxx_jlnBkTg8w98MaMi80U1T4oG4bAyTBD11BRaUxraorAmRZrfBYfn7CaeWOji1tLzeiNo4bBR/pub
The Horizon Beyond the Squall,https://docs.google.com/document/d/e/2PACX-1vSv-fS3iKCMBsqCeqP-TbKUHrA0CXFzQzDUYKi87UOhGISDc79sJ26k4HulUgRbRzbue9E7KN1UXeyC/pub
It Was a Dark and Stormy Night,https://docs.google.com/document/d/e/2PACX-1vTCh6NYOEeXclWOvcVVGh4fqvvvh4ItTBF7ojDttVqyg2ysec8ED5CQLXl62defmzaBsI1XIhnvHDoj/pub
A Scandal in Britannia,https://docs.google.com/document/d/e/2PACX-1vT6rd-scw-4SbEQTxZe-BcN_cYqTiddGgvOLRnDMpAw6YCLIHKzURYn2Aw2L25vaeyxW9rgdj2yfbx8/pub
A Time For Clues,https://docs.google.com/document/d/e/2PACX-1vSoO5s4l2BeR-DQ0nTqYgKI8YLcxFaQOh1M-PngqTj-kcsVk_QG1cdrbCf1fdvEE9zxmkLoBc9L6dmk/pub
The Stabber of the Evening,https://docs.google.com/document/d/e/2PACX-1vTpi6iLqVOgcOGGGqygHiwilBq33vvLdPxxyNcC4XMIHU3ren_h5tlmNT7cgHqjGvcT1LmIasEYmA-A/pub
The Eye of the Storm,https://docs.google.com/document/d/e/2PACX-1vQqdl_J0XWag8LKKykj5IBi56Vdaiv6l4VL4GeekC1jrL7T_OSY8wrDJ9b8tIviNl24InW_pnF38feU/pub
Busted,https://docs.google.com/document/d/e/2PACX-1vQYxslopI07pSn3w-8JlPV_ke3urQQ_Q7RNjlojGvayIG_k3tDIYCkw93Og1twu4g0vdcRXczgC9Go6/pub
I've Been Here the Whole Time,https://docs.google.com/document/d/e/2PACX-1vT8tFlYmo7t5J9QXR00eSQxJiFVKZLEaq4DhUxSMsVjJqV8V3gHQ5vKd4dxTkqfIEJKgs1M4YcuIPFd/pub
Outfoxed,https://docs.google.com/document/d/e/2PACX-1vTxpAWthg5ALni2PnjLI-c9c5tdyaYZ7uYHVLwFcDrPPLQvnRM4kKtQMcfr5jL3FhDHX15ArD1Ou1_E/pub
The Belly of the Beast,https://docs.google.com/document/d/e/2PACX-1vTV8dzqlMFqSVMpZUmT_oSts5EzHV0XuSLHHM44H2mhwkHOPl1mONOuuN9A31FDfHaU1LDWvi8Neebc/pub
Unfinished Business,https://docs.google.com/document/d/e/2PACX-1vQVdasndUyOrypSijvXPrV2XM5qYQSAo85lt_w8zr3dYJrqafguI_vEnN4wRSPZ8dy916nhitcmhHiB/pub
The Chosen Ones,https://docs.google.com/document/d/e/2PACX-1vQQgTK8SRiPBaZXqvHYEiXclO5iaLjAtcsmfsbySPUnPVnJsBTxGFh3LkC6Dtw5G6HjBcWydlve59OV/pub
Class Conflict,https://docs.google.com/document/d/e/2PACX-1vT-atv1OBePOzVX_PNCCQE_WuhWFBug6h50FXtLDtFJnGnZ99Y3ZraHv1Ijji-E8OgnsFtPxIMXGtN-/pub
Family On Six,https://docs.google.com/document/d/e/2PACX-1vTnJIaHEw7caWa27NePNe_93DN62qAUyQYij2IORvOC8IGZH568LQ5ti5QM5xOKkM6vgEtV-l7m-zLc/pub
We're the Heroes,https://docs.google.com/document/d/e/2PACX-1vRmZiOt5Fa5KLQCE4oGyuf63m3xeKIfrAo0TwnBXykcNk0W3kkFiUxfxOCs-KEr1Z1PkvnJUmAKj4CG/pub
Misfits & Magic Holiday Special,https://docs.google.com/document/d/e/2PACX-1vTJraxHUkRHp6A33zxlTl1sKq1U48xjlWFYXCLQC9AODG60Uo4lY8Dlrc9w7Nnj6DmyTEX4ul1Hnwue/pub
Misfits and Magic Live at GenCon 2022,https://docs.google.com/document/d/e/2PACX-1vQe8xfrSr3XG05nPL-O5CT4xyhoH4uaAUcw24NToFhGwXN4BPonYnb38KeHpdfIP7uAkYeaVhrw7hIJ/pub
Party of Seven,https://docs.google.com/document/d/e/2PACX-1vSnHJmHfHwHl_no56gXYM1VsdJF3Y749ppWc5Oeo9I98mQGhOqRc8lMRHbvoxHIGXQVET32ownk48jN/pub
In or Out,https://docs.google.com/document/d/e/2PACX-1vSJXZz67q4cUXIIIX-szl9bceHjX3uU6bh-EugG8R0KbNSsleNXIajl6xTKYVsyKGbGT0XglR2hOWtp/pub
Big City Connections,https://docs.google.com/document/d/e/2PACX-1vRTKQqnlh8-Gnl9ZTYaY-2hYpbZoEun2G_f2VYxKUFAMs4Ah_zU2K6d02tmjJOwhjUaq9V1BXkikzXV/pub
Stone Temple Pile-Up,https://docs.google.com/document/d/e/2PACX-1vQR85C6T9grXqET5TO7nIqKflaKcTOyg8swq0PLQ1Q_o-j4DXwhQlaQ8096J1perk5ohJdgpjbkThTQ/pub
Reflections,https://docs.google.com/document/d/e/2PACX-1vQTLDRAHIO2GVdPei1wQSVLStwt0HtKlQcbevZ4t481lzCIJFdHgSX2PmY1lpTlTZRCpEmIRsy43_6Y/pub
Belles of the Baronies,https://docs.google.com/document/d/e/2PACX-1vR1c1o4M_daK7tsm4ZYU6q1kXxNGp2OgonW6is6fsh_Y0xf4OLcyDgMxxJxxJ3nehJ5M_36uBipx5Pz/pub
Bloppelganger Blitz,https://docs.google.com/document/d/e/2PACX-1vSQ-UXLdi8t2QYIUcQbbk-IecUCiaOlb0AVkCESaW-tf3oc25brb6M9hvlF1JLq2NSmjiN3DlPfMIxA/pub
And Another Thing,https://docs.google.com/document/d/e/2PACX-1vTZn8JJYi2h99HsjWDFaLCS4274JcuMs_1WY9VAumULHfKA6hdUShmDka9hPONmMCGVlgnJYjmcjgGE/pub
Time and Space,https://docs.google.com/document/d/e/2PACX-1vT1kayuk4hePB_KWAxYgMIHoYggaFXzbIdD2S_pnlJAs90kJaYt3lBMqk_gkoy0HDOVZN5KxUvNzz0w/pub
I Fucking Love You,https://docs.google.com/document/d/e/2PACX-1vQSGa2lV13WI53itDrbLVliEprO8VzH3cMjkKN3Fz1Dm8zoxH0X8t5fbjtaAE8xajfxnSdf7brOmUN6/pub
The Club Fair,https://docs.google.com/document/d/e/2PACX-1vTq8bnNYyu1WYJfP7AUdg45sIEnh53HniOZ7cKQkcuETA5QutR7uSsmlKF1K27Uv8tGEygIPsGAQmSl/pub
Quandary on the Quad,https://docs.google.com/document/d/e/2PACX-1vTs28gyZpKqo6KPvvxrNpSPykw-0IdJmK6VFf7egooJDoTR2WZKWfvI7j2JVEwnb5RpL2mpS-NmtWif/pub
Parents’ Weekend,https://docs.google.com/document/d/e/2PACX-1vRSt4xpn8KyayNaBR6qyhzvkNnN0QmuCM0tzgXDDvvzyCit2FKFN5dXZy08g-AT42bPk8DqfctCFzc7/pub
Van Helsing's Party,https://docs.google.com/document/d/e/2PACX-1vQonbctQE-eYEj3ll1NrVw5j1bYBlevE-b_QjRdfimet1DVkFXNlouDP3tqMGrlOUKwRPsFJTE-D4De/pub
"Welcome to the Spacin' Life, Buddy",https://docs.google.com/document/d/e/2PACX-1vR4EW6fyhFzVCLDBGy1V4KwdSQhgPKDBlAgpG1uyThpIgmNHf07hz1jZJZqiYeEtghFWozTb6hEHoHp/pub
Rolling Up the Hill,https://docs.google.com/document/d/e/2PACX-1vRc1WrtHFuA3ys4HH5PqI7NiYv97_H47qT8w54Ln-fNqXPoDfKfGsprw2ehpJfIDnsEA8bS4StyAsnd/pub
Wrecked on Rec 97,https://docs.google.com/document/d/e/2PACX-1vTlf5OcVljyix8P1uhIxVo66NB3IJVO8LP_eap3qMA02Tz0GhN_7m4H56lw0cDhPNCa6PA4HUV3S7I5/pub
Every Day is Our Wurst Day,https://docs.google.com/document/d/e/2PACX-1vSXZ6yI17WzgWw4gQqwsIzPxHBVzfLQNJPOtu2JcAA5kUBep16Ja-YZA4d21aKu36BwTixcnnR5qAhU/pub
All In A Hot Exit,https://docs.google.com/document/d/e/2PACX-1vS4UOa11bwRP3Ddpp8x0rdulmSwTdxzGPIxnA2JnzLWGqqAyOqR2eE5vhW3cE1IGehOtxOpJo-ItNMF/pub
On The Run in the Martini Nebula,https://docs.google.com/document/d/e/2PACX-1vRRTBAV7JU8zsPWaECg65Tyaz3NrLdt1_0W2oIvM6no2vTE8KJuOAVF3pRlZaZAjdffeYEwO2OOp4dB/pub
"Dying Tomorrow, It's a Pleasure",https://docs.google.com/document/d/e/2PACX-1vQwJB6fVrv4GntDxzOrWfL1jQC7PgKU41HieCrZFnLUJgSNM3ocRnilUjnHAbpAVUjL6KwWGu9uBEwx/pub
Wallops at Swallop's,https://docs.google.com/document/d/e/2PACX-1vQiGk2KAQ1TLUUXK8Mp2O_ca2ggbfesRjEzY1nZ2dWKqj80f5qOhhOCFmUBvi6I_8A_Tm7gHLf_prvP/pub
Baustin Skiffy Limits,https://docs.google.com/document/d/e/2PACX-1vSAs3yJ1rfLFjPza8O_SZhH2qzyv38AqGHEvHg64OaV12E-0UpBusbnP6WDaljiK5bnF_PKebtLdwMz/pub
It's a Griivarr World After All,https://www.google.com/url?q=https://docs.google.com/document/d/e/2PACX-1vSm_-UD8hOSBkHUjVyCq1vqxmr0RkHdGToSTRDhYw2_SYCFlSB1w9KHE2GUKAgwHUf0ndePZfe6V142/pub&sa=D&source=editors&ust=1648167353499456&usg=AOvVaw0cIbV7Dw_zxgVSjwhR250e
Flee From Fantanimalland,https://docs.google.com/document/d/e/2PACX-1vTOiK3v4flviSzZ-hldSicCyLehHXwLLlrV9diIVVueYlnEhKT9fSDQJvsx2TBc0pQwmGzmqDtEXp3V/pub
Go Big or Go Home,https://docs.google.com/document/d/e/2PACX-1vQl9SPysjpro3lJjwpZhY7ca96DmSBSnqUZEzV3GazeCo9xgpY8MGuPsia025tRXqJVkgwIJSAbnN7M/pub
Battle of the Brands,https://docs.google.com/document/d/e/2PACX-1vQ6RL4HsdO9CzPHhQlJdvfJRrFOjR-B5pRooS43iUPDLqaOJTyC8inobg233pfTPZA0Ve7FuO_cvAMu/pub
The House Always Wins,https://docs.google.com/document/d/e/2PACX-1vRxcYAkpuCjwhSf7t_XPEizo0E_tL7F1p0geLZdhWatZ0XdYBU1DT36-lojP8ATkb9ES3gBT_x9BJKY/pub
Face to Face,https://docs.google.com/document/d/e/2PACX-1vS-KgjEn2rX8qXDWp_bz_RHVNM6won7NeQZjRZdv6GXR4qMjfrdwJplqDPvhacbzMfnJwfj-7KWXGVe/pub
Jailbreak,https://docs.google.com/document/d/e/2PACX-1vRyuutbsu_4TE28BbR8uQR7aIghK2s2mr8KbN25tKWdMhI62A-yJA9mkCQ95onQ2l_nfF9O174IytAW/pub
"The Luckless, The Abandoned and the Forsaked (Part 1)",https://docs.google.com/document/d/e/2PACX-1vQmX8Zckoui6CzeoaVEnmDtnDcFGtYZKD17e8HuMTrmv-ehSsQWZeZpdgP_JSU2ZqDMBlkYhYEjg5ss/pub
"The Luckless, The Abandoned and the Forsaked (Part 2)",https://docs.google.com/document/d/e/2PACX-1vS-SjX8Gg0TOvYALbCDonFR2u7AB1gD7pv8XKNT9zi3KXb0UrOlhxRLPixwmNvSZQ0Mcbe1t76xPABA/pub
Down for the Count,https://docs.google.com/document/d/e/2PACX-1vTP5idd8K-WW3-ky8R-aD9K3y4fGXrX3iG9nblXaeDJ7VYQkRPb7QJ76ac7SZQDpF4SKQwDvoK2tPDg/pub
Attacks on the Tracks,https://docs.google.com/document/d/e/2PACX-1vSlhMKFoQxNHEVF3X0L9bNN8AIM9Af0-jNJfCUcpgveU9j1SkCmaCGrsZllfGRfw_4MjaRaZw2ef4dc/pub
Let's Kill Everybody,https://docs.google.com/document/d/e/2PACX-1vQY8JzSVJjbaz5UDGzrGUR2nBDwz17sKfxmyzi62dGorMCKSmQc593fVQ2hBZOzgb0mt4a-2l8cbLFd/pub
Waylaid by Werewolves,https://docs.google.com/document/d/e/2PACX-1vRc0TpmeYaVqIrIb3yMOIF01jLLG1z7-WBDWU_ho3ipqd8TmaJ_ihI9C-G5zOKVsU3XJPf__E3W4Kb-/pub
Drac's Moved-In Castle,https://docs.google.com/document/d/e/2PACX-1vTejj867cU3cMm9L-nx1BDIeJPwNbsM3P84sPCB4vbY9WyKVsKCzvN5xP2dBksYSfET-uWOqq5y9G3A/pub
Feed the Beast,https://docs.google.com/document/d/e/2PACX-1vR-eH6SQbQLMjLg-8DpW28vnpk4BV5Jt9nRWvuvCt2-tzbFgZJbyQWCtKj9ArJezrt-OBWLG7rlgzqh/pub
A Bloom to Remember,https://docs.google.com/document/d/e/2PACX-1vRAJhxg_5YumSJtQ4BuS4zh0nhclkv5-KfFgrmwtFSwDPD3ecow9b_ScLhOYEqJPdJVDXz5hMoHHlkP/pub
The Great Hart Hunt,https://docs.google.com/document/d/e/2PACX-1vRcMm9cOmhBrknt1BpFvH3crKHadQWnW1O37W-ycINZXBwDIf6xRdmVu68-sFyGDGFoLTBBXwSSbaAT/pub
Duel on the Southern Lawn,https://docs.google.com/document/d/e/2PACX-1vRagnmP2jRrayRy58gueMXTdEfbCJjdTxojS5Hzp4s8VdDoS6wWu0G6pqoNbyZT7xGnu3pKtmn4XnLc/pub
Seaside Teatime,https://docs.google.com/document/d/e/2PACX-1vS6QswLcRjDTMSK57oj4o3WVKf6ykyoaNSqjBDuQgkPqJ_dkR0MB28U4NbUxFWE5g0oTJQJ7zAF-B44/pub
Through the Hedge Maze,https://docs.google.com/document/d/e/2PACX-1vRdwfQ5CGIh9Uss_QXOW7eYpx8rlWYVrq3zYT3Ly28e6em1kjwb6h9-GOS6oy76MUtaGCOgX21MKsi7/pub
Of One Mind,https://docs.google.com/document/d/e/2PACX-1vSwfNRvixKewgBWYifw1qF-WehJM167cyBHbvry4vU1VAEMkn4ug0ZDrc3rEp-0k3E9fi7fEOpirnQu/pub
The Masquerade Ball,https://docs.google.com/document/d/e/2PACX-1vRziq48Sj4i_kB8sMN66NaIOGYr-RejLlh-3XwLNysJSUg-TdrszV5Zzv5jQehF2x6nF28moKhFnFry/pub
The Rule of Sneakery,https://docs.google.com/document/d/e/2PACX-1vRVmZqhY2NErHzjmISs3nXZucmS9w3B13RkEeCr8fCpYWJbBrC-oNx88nkQhrU-2M5rNTQMQKFaydwD/pub
Theater of War,https://docs.google.com/document/d/e/2PACX-1vQYQ_AwHye1BKJn-L4-TnO1C6uQBnIw8xJkKORi2bU_i0pPWWlL6E0MLRyyzkNufjZg_WCkAcZ2bcC9/pub
You Will Never Know a Lonely Day Again,https://docs.google.com/document/d/e/2PACX-1vQPJiYEwsyaK62jgQj19MqaUW7ZvgTQx9yKGdlRk0h3UxKmO1vGMLwUaZdy1hi8b1jHnM6tGSuAHFPK/pub
The Times of Shadow,https://docs.google.com/document/d/e/2PACX-1vRBjCpLRpRvdjjURR9c7URt36ug52q_AV-KUurB4hTih20z2ZRvRCrcUubLagObTQIxDysLArlmqHHW/pub
"Mirror, Mirror",https://docs.google.com/document/d/e/2PACX-1vRWpjOaEP0obZAjqc_I9IS7j_TU331snI9T6nKAfA8WFJjkJIfeVARRkPFxVXvnWXv1u-nPSUlPHnZL/pub
No Place For a Prince or Princess,https://docs.google.com/document/d/e/2PACX-1vQz19FuGlzetu7Teo89lsoUj5cGN2vXvguwMk87oHvc_cpKivdsAjsnuTfBttlAtNM9M1YTXdRZvsRh/pub
Once Upon a Time,https://docs.google.com/document/d/e/2PACX-1vQyTh05uBqU_hvIxPjD8uJTsB7vU0uanHU0-vy-T1u-GwTD4DOfv6uvKL4DcH5XSfvLnJ9u8JUfBXoU/pub
Down Came the Rain,https://docs.google.com/document/d/e/2PACX-1vSy3lhNWem7DYxQL2GyIcXoR0wqgSeJo0A4EyiMIov-pxMj9ncm4-qRJ2MxrBMrhwmIgMtebog6Vk7S/pub
The Curdled Web,https://docs.google.com/document/d/e/2PACX-1vSHaYFpbTIccp-boFYlC2BJAOmbYPWucWbMNNBpbpPRejKa3IyaaWeBSC1NqQBpeDNxiEqZ4D84rhgK/pub
Trouble in Tuffeton,https://docs.google.com/document/d/e/2PACX-1vQ54wFtu0RUfx0cnqMbL0GhWSQTShSIRCa_J4KOjGAGPdqWFz5j9jpNWMyZ0uG2_ThPxrojOkEOT4js/pub
The Lines Between,https://docs.google.com/document/d/e/2PACX-1vSPwRyeRkvwkVMmj-qzTbZOC6NPuKa3F_-bFW4ykiPxc_ADjHDZBnKyaq4ipEYy8sz_-_wUtRhqkytG/pub
Origins,https://docs.google.com/document/d/e/2PACX-1vS8Ao7qGjHS5MGobQHBJBIIKIk3j3Kupi0DPgzGiYcbEQ1zAL1mg94zbIqVvBs56jG4XjYypK1qHBA8/pub
The Baron of Bricks,https://docs.google.com/document/d/e/2PACX-1vSB15ZQG28uHDEpVBrxMm-eadMgUjEkjXslrVxfszfvjmg1CWj440xaqgL9o3P-icA8fkD2sp6uN9Ip/pub
Big and Bad,https://docs.google.com/document/d/e/2PACX-1vQShA-8UcGEQ1R73z6FckDCb9EaA_ZZMc6BaQclS4b8xDF_FTLsabJ17I548cScQI0lfu46UDnHxSnG/pub
A Warm Heart and a Tombstone,https://docs.google.com/document/d/e/2PACX-1vRc3LtQ9zDG6LVsVO-LSk6HfICcc2I0DrZo3hCaHX0xYKmUWRRLpEwWBYg06NjyHixw2hBv4ylR3F8m/pub
Terror on Toy Island,https://docs.google.com/document/d/e/2PACX-1vTaaTZmf5CpyXOFdsOH-0MlulLxE7gtVag449V9IzWN6AdLbTX6VOglwU7yTa7KBqwFqDPWzuf1J6pS/pub
Daughters of the Crown,https://docs.google.com/document/d/e/2PACX-1vS9JcK_P6k7SF84EFswBdHc0TFHfxf14Hhgp9bQEijGnD9p2T4EbaSWj8WVrh2gHSjt0qdp6KeCEda9/pub
Leap of Faith,https://docs.google.com/document/d/e/2PACX-1vTVsZa2WH1PgOO1qArU-FW3yFGfL4WBbBCbJJkjvs2qOXDTC0fFraBzczzY0RscSiVu4j_D0v8nw_Pd/pub
In the Land of Giants,https://docs.google.com/document/d/e/2PACX-1vSEiJ9uwcPOw5UFUKvdK5o7JCGu0PLR4Qj_Zvmj8gVPl4rqZm2ifS15IxZeiwkw1qZQTS4RGKeRluhy/pub
The Last Wish,https://docs.google.com/document/d/e/2PACX-1vTJiiuXD8rEPv4FWj2NbO4sGuCko19WsCoa_kQ8iY9mFrf1gCWCwfA9mZXYK71LJanv64Pg7BMsL9pR/pub
Fantasy High: Behind the Scenes,https://docs.google.com/document/d/e/2PACX-1vRqgW_j0-u3zrFQM2B3-MwA9QygriEkOTCpiTmyFt3HO9B0H0cVzia0x50U7bss8nW39BXN92ci67J1/pub
Escape from the Bloodkeep: Behind the Scenes,https://docs.google.com/document/d/e/2PACX-1vTHPp9PQySsUZMRxUc2PR7FR-ecNSa-j_jSDE6CRrCqcRk4pujg2oRh6B-Us9iOVQZtRdvTCOzgFKvR/pub
Behind the Scenes: Brennan,https://docs.google.com/document/d/e/2PACX-1vTcmtMqsofdZumTypWe8Ru_VVXafTlGR3cVxTVt1eeWd_p-QRi7gKOgrNj8CFtEWrMGRVkiI7nk01FO/pub
Behind the Scenes: Murph,https://docs.google.com/document/d/e/2PACX-1vQdwj2oqe8gJ9EF3Th1hdYuOZ0wUMi-xijA-IDwpUZq8lgDlFG6Xxov1822ZZcOEdTDS_6VVyLA10Dt/pub
Behind the Scenes: Ally,https://docs.google.com/document/d/e/2PACX-1vTrg1HZKN4iEiuM2Hn96EmWI8ikk6hmXT0n5rV4Jh7eyKN21SY-Du1gpulCwOvQNk6nSoMYeYPi07Ue/pub
Behind the Scenes: Zac,https://docs.google.com/document/d/e/2PACX-1vQIiBt3LBqLPW09e_2Yq4n9Zj3LmJ6UhIWQmDuRHdfiUyLCW1GTGYYjlWOw7TrM_ik3DhwXaJIVyFpv/pub
Behind the Scenes: Siobhan,https://docs.google.com/document/d/e/2PACX-1vRKIh95gwApqm84CknShtaQ-IxlnOyC-OPO-TGmbsG8mlyYx9R0OEeXw2IFmSvvVBlmMvBV5sUoasrK/pub
Behind the Scenes: Lou,https://docs.google.com/document/d/e/2PACX-1vQ4KdZi5JyaxCWPH8PPm7A9Gw_J8_QQVny1hvjx-cNqYMonM8rBimeMWL3z7T6cv5LaBwWrq-xDU2mt/pub
Behind the Scenes: Editors,https://docs.google.com/document/d/e/2PACX-1vSpWY8HiBPm92q5A9jtwhMxeHHHldd-n-icT7UaT7_fFdHnoTpAEmDG1sj3vKZkD0R_wj0oWSJebN-T/pub
Behind the Scenes: Emily,https://docs.google.com/document/d/e/2PACX-1vQZNDmfZAuWo6kAccuFTdnVNL_rsqIg28jw6D2wHfsmBC0XiD6KLZWbxjoleFt-w7TbNO-GbhVzX6T9/pub
Behind the Scenes: Art Team,https://docs.google.com/document/d/e/2PACX-1vQzlLtzHlfMJ8tiSBMlVwSMZ95Y493ZsXY2tgrQscQbSVxakou65wPhaPxCebuGgU0uL4oVUuqR-a8W/pub
Behind the Scenes of Dimension 20: A Crown of Candy,https://docs.google.com/document/d/e/2PACX-1vRCbjN61TpWCA7k3wUzAwn613f3yV-XYGW_bq2LnpPJsF20K3fNrWtKovp13AkhBK05vHkCvB-gx95p/pub
Starstruck Origins with Elaine Lee (Part 1),https://docs.google.com/document/d/e/2PACX-1vSrqEgO1VgLjbnDAlOLjRDhRScYS3Y0CGpMPj1UcL9Qs2JydI3dYHh2s5GCekF6fe4w3Bkf58VseSAG/pub
Starstruck Origins with Elaine Lee (Part 2),https://docs.google.com/document/d/e/2PACX-1vSS1vBzQwtHFPIWvv_-mGIaiWxBmrEw_UxGvvcFo-G4QoADHRd9_aWqH2D6Eq8mGG8NSYFDcck6xwN9/pub
Starstruck Post Season Talkback with Elaine Lee,https://docs.google.com/document/d/e/2PACX-1vTSHk0sx5FGvLrx0foUeSc_kDbcfMrDYJGPYGIsTKjLHP0CUq2iqqx2SwRprPp1MabvDTrUXemlqk6j/pub
A Starstruck Odyssey: Behind the Scenes,https://docs.google.com/document/d/e/2PACX-1vQk1kgJA25WOGfz4EhfapVG7PH4F_YfhMPWr1Oec3oNqLkAGc_o7FQjgaz3uPQ3g1YYr_Gkt5D14zk_/pub
Wally and Gilear in the Morning,https://docs.google.com/document/d/e/2PACX-1vQprrMuKy3uBhUZ7nYMIttXb6Y1YYK5-nm2x-oTkJ4RotW3efUB1gVypJ4y8nEsUi2xy3vZ8Pw94Df8/pub
Parties Are Weird but Friendship is Dope,https://docs.google.com/document/d/e/2PACX-1vQlpktWyBW9V0Li-YyPTRRc34HHwh-onT32G_el1CfMXlzyJqolbyk5g4tRdf8Jcx1l5n-mE-AumWn_/pub
Problem Players & Troublesome Tangents,https://docs.google.com/document/d/e/2PACX-1vTVdri2nnnhV2aukpmjTGk_Ktr-6YhjxEqEfY5fI75YhmdikszgyXTYKJCDMcsFbXJkUxv_Un434AQx/pub
Greatest Nat 20 of All Time Transcript,https://docs.google.com/document/d/e/2PACX-1vSRrnsD8N0Fffz1sxlszepyYdOrIHMocRpphoRbCeeLO2ZkRmxf2pRfkp6DWuWLDqeyKkW_7suzT87n/pub
Fireside Chat with Brennan & Friends (Part 1),https://docs.google.com/document/d/e/2PACX-1vTQIU31Y58OIiLww-CbIQ2RzPjDs3gFJclXlx6Jvh1Xbu-kc-6uBVTudT0XwMar-nlvKTyVDAt8SLyS/pub
Fireside Chat with Brennan & Friends (Part 2),https://docs.google.com/document/d/e/2PACX-1vS1qoX4ILRTzldurXMpx-pMvky2U2hPwhKee_DMRml0v5H3TsuVMxLCQErle7VioMh8ZgKi9wM40pnb/pub
"May 13th, 2020",https://docs.google.com/document/d/e/2PACX-1vTQHpdCJxMw2YrElKDg_4fhrYl6FJFtm1d8tiHOhHWonN4jaTcP5oSUgqusgla-tfazAHGlWNWeveKo/pub
"May 20th, 2020",https://docs.google.com/document/d/e/2PACX-1vQWcGyjMpwak1ef8hGbatonwP8aiJybtoRtg6ucOS54sCLKgnEjmPyKUb2NMEuoNZhdmvft8Rawb0DK/pub
"May 27th, 2020",https://docs.google.com/document/d/e/2PACX-1vTBtt6Iya8g_LBfDCLAEJEU9OfvOopd_qnmLdhO1PKgyOLaMuPMnk0ukqzF6ztY0z2AVFWG7t-kKhA7/pub
"June 10th, 2020",https://docs.google.com/document/d/e/2PACX-1vQyBT68EQsPdQHtskx8fj6jzyOE0_2vhs3IrcJ-kTHxcK1VwwafX5TDFkyOLcw2-qO1KeziiJYL2oCR/pub
"June 17th, 2020",https://docs.google.com/document/d/e/2PACX-1vSHUj1Tc_dqrJcd-SVvVZrFV9mC-7grIvq3XJKQmBxqo-b262F2JLEknU5kG_H99aG-2gBxZZmXa2q_/pub
"June 24th, 2020",https://docs.google.com/document/d/e/2PACX-1vQVzjYarQEsbMKmuoqYLvkM-9gNNK9Kv6R4h_99-2ZFvzRG95rTA3GYITieuXDuoNvVl8vXgVAsj4_u/pub
"July 1st, 2020",https://docs.google.com/document/d/e/2PACX-1vQ9G0l8QpkhyaRSCHGLLw3tmrwODXf3Bw_PSygvF2-ZHcNcp7GmutagxysHqPmyVtuCnnr7fMdzrvp0/pub
"July 8th, 2020",https://docs.google.com/document/d/e/2PACX-1vR9GmkRtK5MZFlxZhDyXrCqD8EHZ0EtxvtrHZc4Igvr8sATD74X7cbZPwaGHTwC71Znt9x1em7xbsl9/pub
"July 15th, 2020",https://docs.google.com/document/d/e/2PACX-1vR299_B8rgpmx0_laKc2hkmhRKZ8eeWbp0k--sKYsMSTHUW1CYcVn1eAoWuR4bncCawE5EGkug2cdET/pub
"July 22nd, 2020",https://docs.google.com/document/d/e/2PACX-1vSNzZ4PwYDChvGwbn1c90Gs9LFAIv08LYDE1ttKXuwfbmhBWvcYc3HkChygIigm5--OMNZ3KGxFW0bN/pub
"July 29th, 2020",https://docs.google.com/document/d/e/2PACX-1vQJiCGVnT1s6fudA_ox6-lc0B7RuA0AKNMoY0DV8bFNgcfH1YRVT2scr18UX0badHNxRV6NqgjPlGBM/pub
Are the Dice Scripted?,https://docs.google.com/document/d/e/2PACX-1vTo8JZVYfZIoyWmjYRC6MhsAAoaTAndA3T5pO0SC8DRmVSifiN6avighNBdPWK-Oc9hft_0rki2hIni/pub
For the Corn Cuties!,https://docs.google.com/document/d/e/2PACX-1vTr3D1xnj0y5sLVeXv0Yxa83yd5B3CgDlPx6xlzsdi4UGNyDh7mLIOkLrIoKABdpXX50GCB-4A8xErZ/pub
Choices & Voices,https://docs.google.com/document/d/e/2PACX-1vQFx454yavUGhVosxCHtGrQ6LSYdczCQSijIDMRxtDlCA1JgVm05kntsyr_xi4GIp-bEfTGuJtHBaKm/pub
Zac’s Big Day,https://docs.google.com/document/d/e/2PACX-1vRu_bXWGZuv9i4kxE_NVj5k-FwPvRPr6_pVktigCsrq_iT4FQY7OzEDWGb2iUs4IEPewlDUjr76hoF9/pub
The Jeff Goldblum Episode,https://docs.google.com/document/d/e/2PACX-1vSGhcC8xknw9WC940S92Vmwl2lPhfe9P-Tfxapk5ZBZaaHxPCAEEJfV1RotuQpUwy8-r4G5t0U9vXbw/pub
Welcome to Denny’s,https://docs.google.com/document/d/e/2PACX-1vQ1_N22vYSiPcBUaBKDcIxvRukKNkx6Tq4J9_ovi9OsaAfRC74nxVqyheOmqNOX7vqVmM40lRkfrRoA/pub
We’ve Got Ink On Our Hands,https://docs.google.com/document/d/e/2PACX-1vSDMu_VTcXQbYM8fqcAu6_p3vDOgXKqmBTOHodoAu3fOSENgrD9i4Wz31vM7i39U-isvoxjHH9y0Ug4/pub
War Crimes & Good Times,https://docs.google.com/document/d/e/2PACX-1vSCj7gtv0X-V7CfF8UyN1nUVDYCNw6Buc-gAEJbkgr0e2qL8aYTSfZnRvvi3ol6oDpUtmPTDgcPJx9l/pub
"Protest, Justice, and Black Lives Matter (Special Episode)",https://docs.google.com/document/d/e/2PACX-1vQiFCnFQU9rSohRwVdGL1aszX-1-laSNz468wq9FFIP5AQUNOBBmrwbbMxDnrG7ZUzh2KLGybHa3eAc/pub
"Slammed Down, Big-Style",https://docs.google.com/document/d/e/2PACX-1vQugGecpq1tfDrP0AkPBKIV_S2M37IaB4zrNP2awvbXif3E1KOPsbAL7gFjWzZdMVkk_6jW1rh6satZ/pub
Soft Hugs,https://docs.google.com/document/d/e/2PACX-1vS-LgNVjyws1fvNtiR0fa5n0HB7hQ7KhkCxkqJIXSO0Bx3WCcDpMKl8OaWCiJdwAHAr6Jho1cZr6Sp4/pub
"Twinned Down, Big Business-Style",https://docs.google.com/document/d/e/2PACX-1vR4NgRH70mT0htm7R_pdyPZMdUoQG7h2bafvCtsdq1-pH8bM5pQl8am2og7H34wkcqzDQv60Y1dm9wh/pub
Choppy Skullduggery,https://docs.google.com/document/d/e/2PACX-1vQIa08W9Tm4xnqbaWmRNzW7slYb5Qsn0sM9qcUAR88cgiJu1pYzr9Eyfw4jOELSvqqzeJ3nJYkgzZgf/pub
Dom Or Be Dommed,https://docs.google.com/document/d/e/2PACX-1vTRXgjRtwKlbWk8evrX2Mya7pzEbzL2bOoXd77-iq3Rb1TdORqfWUXABxpEF5ihWzWo9XHcoAS2q2NI/pub
"Rude Goldberg and Eartha Crit, Explained",https://docs.google.com/document/d/e/2PACX-1vROxsFDG0ijO3XzFCWcQj13F_pow-v4i0XSAp6Oz8muo4zeIexr6KUejw4TYphcOvRkuQBXoKBBRW-U/pub
I Stan The Protestant Work Ethic!,https://docs.google.com/document/d/e/2PACX-1vR3SH3IpPnToleWCgMVEjx3XQDa1T79YAldbkSLDePXs5xNRfMxnOY7P2ykJm42aTaG2DnxW5nBDpYP/pub
"Burt From Ohio, Thankyousomuch",https://docs.google.com/document/d/e/2PACX-1vTQmNxc-MUAckTsQ-snhXKewAOFhjytVnRYdLSD_mRNYgUjBUtfF-n8wdB1zRWGVVEK_7sXwLgURRKF/pub
The Wild Childs,https://docs.google.com/document/d/e/2PACX-1vRyTc8h6nylueK2GjM148um4IUTuYn6mJUlFGl5KW9nScOHSgOa7KqNUvjwGNDbtrtJEg3ZjDy5RLKM/pub
Look At All My Friends!,https://docs.google.com/document/d/e/2PACX-1vSxKkFaK3oGWRuQV2WCY7nDTsyevuniMoEd_6yxyZYj_Xb4fUy8dR0ahp03ybyRHCASzsP9mtv5QZrf/pub
The Buccaneer Buddies Reunite!,https://docs.google.com/document/d/e/2PACX-1vSCVdEUZOHFzK6cp_7mqwzhNjHGT_L3voENsjZ8mkWWfDNlubbMAazAUivmfjXfF7evt-BYgUHi7jYs/pub
A Ferry Special Episode,https://docs.google.com/document/d/e/2PACX-1vS0Xaat1eoKCTMHDrLMkhdBlMlI2cKaG_UDZRfjV4P76Dt7jTc28ZmW-1Gg_FeshJ1FuwxSPiCTwycV/pub
Bon Mots and Bánh Mìs,https://docs.google.com/document/d/e/2PACX-1vRNIYIJMR8xGIvrgMYJfMnuyaUwkpO013OYIXDpd33SaA4PyXGHiQpj3Z876goouEIC_cVbHHE6acbx/pub
The Yellow M&M Is the Funniest Guy Alive,https://docs.google.com/document/d/e/2PACX-1vRlfR8HXxg9REels7hgyw_OCuuhxwD2lHJ8eXFBVn7Ypzse_sQDw3XZ0jDFBrKJBCWL5UCKO0LTyVVC/pub
The Perfect Stack of Pancakes,https://docs.google.com/document/d/e/2PACX-1vSBPmJwFgk4y-ykF698hPXoYTcGq05z94mfNG0I8PHsHRQ02NU1PtjyYfG7wMoQrulXk2jScJMDSzVs/pub
The Person Among Muppets,https://docs.google.com/document/d/e/2PACX-1vQMjn34G0AXszIw4oP4I5WjMZoEFsovCPGS3k_sKS97JDLIZJo7MoiDfL6kNLzZyrJcOmWTSsq4AqOW/pub
Thinking About True Clowns,https://docs.google.com/document/d/e/2PACX-1vQYlXPO4OpnjQeOOCTBkMbK173oprbMMM661xEjf2_hLqCb-cT2523dj60V8c3SRwVLnDnIRRocKuAV/pub
Character Assassination,https://docs.google.com/document/d/e/2PACX-1vT7UHYckX4jR7kBkx-NBvfK1U15wUifbpD46PlHyCuX_VvTDyDxPKWfmpOQaTnoFztkP27vuK22_6GQ/pub
#PrefluorideBoomers,https://www.google.com/url?q=https://docs.google.com/document/d/e/2PACX-1vTtrjKmdAdN7NY1CCgLWjEPpT3dKaGuTr2KRxO6L7he56B3IDCs_Kp6ZoBxvoz8ybbT277d4VvHxTsk/pub&sa=D&source=editors&ust=1612455633757000&usg=AOvVaw3zWrvu1PHwFY-6NY6SeZ8g
The Bazathrax and Baby Podcast,https://docs.google.com/document/d/e/2PACX-1vR8xY9fTNwmKuHjMnZPY2h89R5MnQcKIlQMDvRQSDaOW4qPSlBpIdzRQ9AX_Lq7b7WREeuky5LLcKl8/pub
This Show Is Not Frasier,https://docs.google.com/document/d/e/2PACX-1vQoD1zUwXE3d3MG3L63F-iU7K_spEAuhf9E71psPA0iNa7HwLIsklYI1cJfxnXYqilj_CjgAk4IXHHR/pub
Referral Code ZACOYAMA40MILLION,https://docs.google.com/document/d/e/2PACX-1vRvX1sejccUtlsN8C9ZrLjIHhIKtBRX1bCV9hsG3nC6o5qOf-NQpWypwme-LIbfwQ6jWK5M6ugBBqO0/pub
Dog Singing and Flesh Papa,https://docs.google.com/document/d/e/2PACX-1vRepcZ_AfK3kvVhYJ2mXtlZLjbbXqthLU-rN8L7oZk1fZKEQMNy26qsE18L4TEHuLNz8U1L_riTUhWU/pub
Intrepid Bunnies,https://docs.google.com/document/d/e/2PACX-1vTpTVdV5Jyp2LaQRjYZFTV_Wezs5a1Olije_WgRLSFbrh7J0iO6H0iDEIhFWpBBdN5FEDvHBdPyJbVY/pub
The Lou Show,https://docs.google.com/document/d/e/2PACX-1vSzlLul1DqM5GZDqRFIO8yMMlIlk5tRlwU2MyoC4OT91bWLGx_6ClYzNT19aawJyYE6mEIAWz26w0kY/pub
I Really Miss Smelling My Friends,https://docs.google.com/document/d/e/2PACX-1vQEpqPb12StIeFzS3GweiflQyIVGlxuBaS-DQv4SCALtwoMg6SsI-SVxmhLAQysnx4b5R210WCUPFMB/pub
"Cody, The Kids, and Lorne Michaels",https://docs.google.com/document/d/e/2PACX-1vS_32KohQ0IrD0pVnx8PP6cuRbx2fVCoLgDfDat_TCdrSfZB1aNI4gJu0xEtAVILxz_Kgs3YqkfbtXG/pub
Crew Edition,https://docs.google.com/document/d/e/2PACX-1vTbgjGnrL1OCNUUcuI4Ze1wxKc_4utqVPBxLy2b6QkAV-377tBnCKC8HPTsVpWSxBoCjKpnrIBPHt3L/pub
"Say Hi, Sylvan Sleuths!",https://docs.google.com/document/d/e/2PACX-1vQ9xgekQG-fheO4Y58IuBBp4BP-UryO8Yu-uinV3Y7U1FCrIX0uTcbCaLQISnox9AYKsre_8AtNbJpN/pub
Tisching All Over the Place,https://docs.google.com/document/d/e/2PACX-1vQJ0RWa5SbJFHItOhezz5IGG8w6VPj0ARShkVMGjQiYkBXC5XLqm37GCfUFNhfa6r2hVHFbvCj4fTuJ/pub
The Donkey Vibe,https://docs.google.com/document/d/e/2PACX-1vTzj76Opp1M5UthhuBXgRTgF3FNRcnktOKBRU_0wJZPXtItb2wckoin6UrdVDPzV69weNlM8XDtLz7H/pub
Masculine Fertile,https://docs.google.com/document/d/e/2PACX-1vQOyJH-s3iNLBlSGUZHcyMC9yDnq9e_tSdfLpIijxsrx2yn0_gunR33oA7YpxGUXRUb4ntLpuDk_e6O/pub
She Already Happened,https://docs.google.com/document/d/e/2PACX-1vTulH0RGDzkVCT4qqANbFPGM-JETp-Z2AAKUBJoWmFroKd4F3EDt9Rs736s7b2BlV9IuIbXXlzM1dxp/pub
The Roll That Broke Brennan,https://docs.google.com/document/d/e/2PACX-1vT1QBrbae2sw3e5mWOJVKaj_tU3Uoq4Wd0zzwJU3-g-hojJBWXDWy4fnvBvSt8v-Xg0eO2_lozD4xRH/pub
The Kevin Bacon of Crime,https://docs.google.com/document/d/e/2PACX-1vR0ycmt45ys1jrwAe51Ew6D4RfrPfOgoLm2KpyGuQxaBQRqm_VdyJ1Hr1mp30vyOR_DTl5jZZ-KDeMe/pub
Fashion Show!,https://docs.google.com/document/d/e/2PACX-1vQX97eYEtxxm7P99UAa2BgZljQVE3q9tFubXJczZ5ODyGQZ4VLI9JXh9TRFX4YGmeh_1y1EegDqDBqn/pub
Ass-Ass-I-Ate,https://docs.google.com/document/d/e/2PACX-1vS4_05iA9Nsz4lNCbxhEAyRlj_zRbQdP2Or1TVEzgctIbF4HN-BsqigXYxoB8NhkBgd6PE-Dldjp_Sv/pub
"Farewell, Sylvan Sleuths!",https://docs.google.com/document/d/e/2PACX-1vTOn6KOC0_vYkwtDbWV1b60YSDB3WuNdLOuwYALRILTaYl5AfDcHasT_esknxyZ84O6KfUUdtEYTtxG/pub
Behind-the-Screams (Crew Edition),https://docs.google.com/document/d/e/2PACX-1vQayldQZ9ZBHkv7EMeMTIT-AP82Pwjzd2y0Xl-zbDPtBnts8bz59b3Cn_p3I5ha91V1sviM4-XYFfoq/pub
Cluck If You Buck,https://docs.google.com/document/d/e/2PACX-1vTNWEMsjW0lGJtxGxYDlyY7nZQ3eVFOQKsOXHVuownL7Rl8KmTadc2Df2g2jNQy2_YEZRpEficpdC4x/pub
True Facts About McDonald's Apple Pie,https://docs.google.com/document/d/e/2PACX-1vR2YzfwM-XhUMKrJMp8Q75SrZX0UanHndfg9izBvQRtaLMjUhDU1Zc9W-8fSfmZnamf_BZoelrWtlDm/pub
Wet Fire (and Bad News Brooms),https://docs.google.com/document/d/e/2PACX-1vQ_VePzPWxwIXhhTXinPi7uoCaR488rOGsXjvRpN4nR8P6zWmEzRCjcguHrCAE84HsEX4Pbah75MPzb/pub
That's the Squad,https://docs.google.com/document/d/e/2PACX-1vSmEBgO8Mf6XpMKSjb5wQh4IOFV1tS2NLonRDQkT6_y74aMbL4ZDILygplztpJ3YdJfZ13wl5lAq3XY/pub
Everybody Put Their Little Stank On It,https://docs.google.com/document/d/e/2PACX-1vQM48_gu2b4f1hx-QjVMOH1eahz-wlpsvqqfx8kNtT-5lPnM0oNITcfJZydZmS5EMRXQU9RwH5n5T5H/pub
I've Never Been in a Campaign That is Hornier,https://docs.google.com/document/d/e/2PACX-1vQVKrO6IPRCz99VEEuVLwa7MFS9W4LP8GqjbxZIuLC6ONaEVhD0S167sp2HxaIjewlEQ1ro6pccR4Qz/pub
How Was This All One Episode,https://docs.google.com/document/d/e/2PACX-1vT8-ccYQGvvWhAah_stMDPjOFY-2iNx5q00BzDmUKJtLuTi5-Aa5Fqf3pfMkHxy5e-5PXvqItGGT46e/pub
Schrödinger's Double Slit,https://docs.google.com/document/d/e/2PACX-1vTCUKKgI97d830TID5bOyOs4E74Lwm022-Yu7uB5yob4_BQKw8kPdShzTL-l6uSjTH25hNsNlhxNrot/pub
Party Fowl,https://docs.google.com/document/d/e/2PACX-1vQ6h32NY0BEdoE1cesL_30Hv02qGw8qsMJMfHA-_wADRF7gaREFlDvu9l90WRuKvRboilHQZcBUGTIu/pub
Everybody's In Freaking Mirrors,https://docs.google.com/document/d/e/2PACX-1vSyG-KXdRja0B62OeaHl9Ngs4hvoMcjbE_a8aS-HaJTBtEeVgV8Pb033EODEZBXvtN7rXfCOVuu_Jha/pub
"You Did a Murder, Girl",https://docs.google.com/document/d/e/2PACX-1vRG96ELXXNhDr6bKd99PSHoIVKl2eJYxx-3_HbSf-NC-Ne6mRtOIZNK3YtqSeyu61WARKt7CNymO5Bq/pub
Booger Lee Mulligan,https://docs.google.com/document/d/e/2PACX-1vSsj7GTd_BomtWz5HWG8N8HUE3hXLfhXCTnXbQZsunuNh-vaV5h2TcNG3DRe-kosrLEBXyvq-gumTok/pub
There is Nothing These Women Cannot Do,https://docs.google.com/document/d/e/2PACX-1vSL81UPDdEIm6wo9Pe8Xt3KwFjb8FjpVCECX5MMQ9sP68r6fJt4Wf9SU7TQ5lZIsCS53wqcP0FnSnC-/pub
I Get This Insight Into  How Your Nasty Little Mind Works,https://docs.google.com/document/d/e/2PACX-1vTWy2Pog3R7hITBNjRRpEXh__hBwHXyFlCL2-YBkgbEwY2LN_BTVHrt-XE8wDdYpyezX9bq2SUgD-Ip/pub
The Ending of All Things,https://docs.google.com/document/d/e/2PACX-1vQJB7kzhgW6smzCug0hxfj0mkvhhLUs6F6rmvIvn2__XTmynXYzR07rD-2d04e47q2JHtTObZLMz9QL/pub
Have You Heard Of This Thing Called TaleSpire?,https://docs.google.com/document/d/e/2PACX-1vRSmnMYSC94XFt6PlUEsTyuWnEA2bD1POkxmk3eJjTzegqXAH0S4SQpKvHWuPc86o94zJFsTPceOfbm/pub
We All Felt it Was Therapy With Brennan During This Game,https://docs.google.com/document/d/e/2PACX-1vQB8nV5QO7weBkq-vwkZMGmp7E6MsGQ-oF9DXIBp8Rl-qj_FWDSZ6YGrJ_KDWs172tC4Uv12LC9qCGa/pub
I Pretended to be a Wolf For Awhile as a Child,https://docs.google.com/document/d/e/2PACX-1vThQaIXsTj_AgotvhfuKtG1SfhOYTtWif-PNc-TLVS3To3POlP_UtSJ-o5OWl-LXRCNepTtb9Ly7PbJ/pub
Everyone Put a Finger Down If You Smelled a Chair,https://docs.google.com/document/d/e/2PACX-1vSgA6TbDLBbUtiKiF9evDB4WKrSzZdNeDp0QzPgIgbepFTx5qYn858HAJAla5LxOv-IJu43t3dENdKb/pub
That’s The Beauty of D&D,https://docs.google.com/document/d/e/2PACX-1vRRKLF-HQUqBZnlHNODNYdgXvm3bwKr6WPMozKLkgPoDdlbscc7ev72Oxo_1mdU1Rd3Mvk0NJKdP42a/pub
I Wish I Had Bitten More People,https://docs.google.com/document/d/e/2PACX-1vTmvCcJGawBBhBxhwFW_TUIwEmtgOx3TYVB8l_D_C1X0qR7031YJs2C0DzsAKNfXk8wjsEE0QhbSAZ2/pub
"Oh No, I’m In Love With Chupacabra",https://docs.google.com/document/d/e/2PACX-1vRKxSAzuc9pYFK4HZnyeXzm8EPH32dA1UoimBe_7vy_3ybcdXkkqVGLSwH4AwpMr2L763nbONmRW_kk/pub
Our Tail Was Not Between Our Legs,https://docs.google.com/document/d/e/2PACX-1vRKXwt2ynA3IsfJG5CGj2BPgIvtRmu8FpjO66A7r2plG8JzKGRBc470Y2IUG4S1AvSJLgApmKEvaZ33/pub
Was That the Worst Social Interaction in D20 History?,https://docs.google.com/document/d/e/2PACX-1vQU_09tK-HRQh5tDO0GjEjXM88eK_vpAng40e2ugiFWVWfGPW-vyLJeu9JyPLWqoNmZGLGkEh1dw4IU/pub
The Ball Continues Rolling Up,https://docs.google.com/document/d/e/2PACX-1vSkVKkxxgIg5HWj6l4MpuNy0jqNkhVblgny6PwlFSnKO1fvXwzmpWUAxLXO0u6HRoqnLca5uBy4nx27/pub
"The Chaos, the Chaos of this Episode",https://docs.google.com/document/d/e/2PACX-1vQrpA2QHvuYB8lFrU9mS-0TohlnFOYLK9HNOGdUi8WOwZEsAw3rZeGkgAxjgVNJF2uSlFb_zhXa-PiU/pub
"To Me, This is A Perfect Battle",https://docs.google.com/document/d/e/2PACX-1vRwPysmVQTl23O0uVUf2JGDVTA2yFw4jVhcorkPtBsQ04AmtR9AUG9vYXrUjzjjMiSNO46hG-iClbY8/pub
Hot Dog Wrapped in Ham,https://docs.google.com/document/d/e/2PACX-1vQvb5L-_kucLyh4xLMq_NaCpxZFs29RJY8-HcKjGEEpSkPpZnjPQY2AvkfCgw-yslvgROOUNkC3vVOy/pub
We've Never Not Hot Exited,https://docs.google.com/document/d/e/2PACX-1vTu8-NVFlwAsmM7-0BVNT3dAqXv-1xCGg74WUs1EJEmOlJu0l08nsEyu68TGA0kzNWY32X534cjfm6k/pub
"Cool, This Is Not Going According to Plan",https://docs.google.com/document/d/e/2PACX-1vSPRjrhq0gP99Bf4Nm2RBJt1VwsO9ixycEvsxyS-VqaBUEMWdTYREF9w47MmRR_Kmbm8Q3z21Ws7Ugy/pub
No Heroes,https://docs.google.com/document/d/e/2PACX-1vQsSdNoTYfwBftqobuM4BxFlVqxaD3MHEy7VlorQBucxCRPrq7QmaX0o1X6Kf-n90KaTokwTTSbBscD/pub
That's When the Slapping and Kissing Starts,https://docs.google.com/document/d/e/2PACX-1vRti9uxnmcYqkrMjkGisA4JEexZmwEKdCi-DZDC3H9RGV0L0deVKg6y-47CVwVv7DjyqZcRpkBmA_y1/pub
Randomness Lets Something Amazing Happen,https://docs.google.com/document/d/e/2PACX-1vTOZh1g4VdqNOzBxnxMy4GDTuqntfjrnshSjd5PW5kPCFEYGSCbW-X3se4AMC5_RdTW7rnmJjf_Dyfi/pub
Prelude to the Tight Pony Episode,https://docs.google.com/document/d/e/2PACX-1vTf-ED2a6xd5_rOtvsA1JpoVzrQ7XltITuYPPxbdHJ1Cyckna57gI58vx9dTkEuuBtITCLXNeolzHSX/pub
Riva Mάs Vegas,https://docs.google.com/document/d/e/2PACX-1vTU1DZJSBSV1tp9rkDUx9JLeJhOFQ7IXU3ZJ1WIWl3pQgudwiP-jIF-KKASYwQil3hBN063fIopSjQT/pub
Life After Debt,https://docs.google.com/document/d/e/2PACX-1vSC9vI-KX77zsL_SvN3zE3EKgZ2vvGfGtagCsZKoovethCs7oGXt-oT10yxiVEcYCjnS_es1I7JkXeb/pub
Snake Eyes,https://docs.google.com/document/d/e/2PACX-1vTLLchKW6OhzgABVZ8Vgby9hibBwgotDfGc5syTtWTUjTpxGr8v9hgG6IvsGpz4uy9Opc1C4Aqyvn9t/pub
Plug's Butt Ugly Podcast,https://docs.google.com/document/d/e/2PACX-1vRaTOVAFT20k3pyxVxbIi55fSuBlPQ3AdIcO9i2chVfghyhBTTnYpY_kSiNTDT46SzBrXMBDnrGURa3/pub
Prilbus!,https://docs.google.com/document/d/e/2PACX-1vTEZoRRD2cOcd37lWxc-Dq6pCnEF9md82dy5FDaS2OQF0rOdOIrGEswwMCW89O4xhBko870o8jTM___/pub
"From Running to Ramming, The Wurst Story",https://docs.google.com/document/d/e/2PACX-1vQnJEu1getVw0hovrtvK7WWsQu4Fr-nNko5be428gIC_cCPHHMggUbzgsr3D-kBao2IfFE_tjAURJbf/pub
No Middle Sliders,https://docs.google.com/document/d/e/2PACX-1vQLerPct1k4YuTIv6USr-U5RZDiWrqNgVPc7qeqFIfnohyYMsDZSj-PTtqapvUESSrhjBvD4Q2b2H8k/pub
All You Need is Stab,https://docs.google.com/document/d/e/2PACX-1vTGMy9gV1yFx0-nbcqVOSoYNGxVkmLf47AT5oH1Tv0-lszHhCW-qVASOuGDfGT9g6NQn6s3z5q1u6wM/pub
Bat Shit Mountain,https://docs.google.com/document/d/e/2PACX-1vQnR01p38we1v3t9CbjX1HGKosWkgRRcil0_jS66o9n2q9BLJwZFaPhfm1-VUz1FLTto7TKiwKL1Jf5/pub
Trope Queen,https://docs.google.com/document/d/e/2PACX-1vSc4xfiM42HotfSyodXYwbBm2rx5ULeLixHb2Lz_kpHA17Ois3ixi5WeJhd5SkVhGeFOSlSqCX0tBVt/pub
Werewolf Sex,https://docs.google.com/document/d/e/2PACX-1vTbj19bPEPhMFIl5OPBYfW7-UYoSONZ405RyITAiTHKJs2Nm6OgPYngiIzQ9C-Mld6Ed7_e6QE2VBLd/pub
"Hideo Kojima Mind, Activated!",https://docs.google.com/document/d/e/2PACX-1vSGoZ84t0PyxzRLnAuqz51cIL9_4Anx1vX8CosVJuAZm2zPROLqw0RjHRLJuHWMUhj4siPRSsHY0cT3/pub
Let's Do Shots!,https://docs.google.com/document/d/e/2PACX-1vQMlcyZvu2BIMiiWd-wjWjEeKl-EV9-7XUfdEfYF2mjxg8pxR9DfOtSvD4BqXmZcRJ4vsBcmwCKaTl_/pub
Butthole Incorporated,https://docs.google.com/document/d/e/2PACX-1vRqjmo8SA6xnJIeMFp1VTliYMn2nOBblRamUKf2uvLFLJyMaKIo9NVev8t7kZqf_1TwocM_qwAHVmJ6/pub
I Demand Satisfaction,https://docs.google.com/document/d/e/2PACX-1vQPEdTdArbocbpk8nugGsLrPgWM_8aW5W3dNU8ntOeYubzN3kOSwuws4uobpJrFGDOOqZU0IkNj_geU/pub
A Diamond Doesn't Know They're a Diamond,https://docs.google.com/document/d/e/2PACX-1vTvlJZyGF9fHyRc4XTI6j7XsvfUHRW6Tkti4Zuhtv8YX5q1531gvnb1bGuD7FG6ao0nx5h1Uq-e8AYv/pub
Was Your Father a Meat Burglar?,https://docs.google.com/document/d/e/2PACX-1vTUPLIxEKBXZD8GsygKe4mkirydXpmUivAJVwNI0GZAh4wtF3liRL4ERCQywon5NN_e5zPLUafZSWa1/pub
Not Bad For a Kid Who Used to Lick Walls,https://docs.google.com/document/d/e/2PACX-1vTyWScTAuwf91J3N6XBgr6G4hkzWiT256Vm5ZhYeqKGrci-PeQyYy7fnctGuA1RZelA1-yxggcyOyi6/pub
Trinkets For Everybody,https://docs.google.com/document/d/e/2PACX-1vT75UqH5TpB9cQs4_SBnMdAX0Tlxm3O_ZMeyznqxDeNS46tTvLHA4IFti0Xv6uIBVdSLjl0zgEqI3-9/pub
Knickolas Pterodactyl Hob,https://docs.google.com/document/d/e/2PACX-1vQx_yehUw8zL1QFjlAsaUHtnfJ5j_EZBsQSn2mBqtQFBQeOM0rOnfWQpXD2I-WsTSjqoe37ir4ZO6Nm/pub
A Spill of Pearls,https://docs.google.com/document/d/e/2PACX-1vTu9BAXOCbanxczf0YZ4YJWLn-9kVbaZMgovfECfmdcgTkvcr55T4ZMizkw1crSnDZjK-3FN2Pb2bDF/pub
Doctor Green Hunter,https://docs.google.com/document/d/e/2PACX-1vSxkddzcbAgI939KSpY9erITUxmUxWB-00QrlXECNN7KWg21VsPQinW6rA_XekQyxdpelsgIH0QLFRb/pub
Do Clothes Die?,https://docs.google.com/document/d/e/2PACX-1vTkd-WsioBkoIuUSW2ByvjVL9uhySUUzkq3Ns4hmH9CVYyHT94XpsAl2hIRTCSR4xr8ob-L4oPS56xl/pub
Schrödinger's Canon,https://docs.google.com/document/d/e/2PACX-1vT5QyrW2E7gb0f7cjCOYHWZRo67t8exPkbQFFPDNYEpCAzZr-MAXxabqSjX9SDhUB-zBZQCOp-ugEEu/pub
The Wish Factory,https://docs.google.com/document/d/e/2PACX-1vTc17VP8MbtTgHrw2RsUjZbs8yMGqwY7IFCK0S3EUolQ--661LoqF_gRmtopNejS5gwvICl_bZg_8UE/pub
"Royals, Scamps, and Townies",https://docs.google.com/document/d/e/2PACX-1vQ6TvRNaUf_KoaevkWhAIRL1scUUBpYDxpEc1ehxb6PdwekG00vBn0rQNmw25S99CTJjvK3AEkwKv47/pub
Mrs. Potts Will Not Be Appearing,https://docs.google.com/document/d/e/2PACX-1vTuCuy_QGBjJNbPpCfUlds5SJtnpIVSdp3rQ38Nn3OmZrQzpPRdl2kebV2s05pdro59E2ef7EF-pTWb/pub
You Got Episode Three'd,https://docs.google.com/document/d/e/2PACX-1vTvBZQQv3wfKIzFK3NPUYSmprZb6K07fTXbIixXBiW7f6CQssyeJ063eJEtaCVn64UqHl7yZxBfBTKr/pub
Psychopomp and Circumstance,https://docs.google.com/document/d/e/2PACX-1vSaDHhErx5zSm5V4OXuqcKmdjJqyel7FMo2rsKd6JpsTzC5LFsuPSaWrolHYchTpqgGFYkvfkUlhRZL/pub
Gatorade Shampoo,https://docs.google.com/document/d/e/2PACX-1vTv2HZY5kJcVp22ZKCwBJdciJiQ9yJWXs4f-vs98fbcOU_9eWNUHhfVlvIfT2dm4L9dw99UnGRBjDJW/pub
The Fable of the Frog and the Scorpion,https://docs.google.com/document/d/e/2PACX-1vRIlJCVdWBdXqQ1u3Wv_adoUoHYg3Konyrqu0Sjxfndx1tROXZy-LFiqVyUvJKgpnLob3kz8V4DXhRo/pub
The Nat Honey (AKA The A-crit-stant),https://docs.google.com/document/d/e/2PACX-1vSwDMFW7wlTCirhNt1CD22Y2CddqSHc6xbl0IjZNguG53d7CbeRcnMK02XspDFEpp_xnzntNEQRTuti/pub
Big Zoom Energy,https://docs.google.com/document/d/e/2PACX-1vSeHnZVSxD_KA1HMbg8DR1Y3UhEkVr4spAyuhTzVBn3R8w2EpLZ58COZK82XEsPhDD8CCoj26M_YBtv/pub
I Bet You're Wondering How We Got Into This Mess,https://docs.google.com/document/d/e/2PACX-1vSg0VGmKvdKsjdjmms9kdETjWou79X7Ml77ewPbhJxcTu06ZmHaLMgjQMivN6qb80CsoJY3e2OP4ENP/pub
We'll See You in the Soup,https://docs.google.com/document/d/e/2PACX-1vSaSpPzkLv1eJB0rf0bHfF0_W1T040NMS8iLRqwapWj4z0Ei3Bqa778K8duBqBwEMP_vjS8LJ4j5l32/pub
The Bánh Mì Debt,https://docs.google.com/document/d/e/2PACX-1vQPCletLL7akKELBJOYV1SH_T3h9wqpMCuIOCcgrjN3zLnpBGqLjcFWO7O23T5NLaTC7X9oj1pw81QJ/pub
One Un-Donkey Hot Dog,https://docs.google.com/document/d/e/2PACX-1vRY6cm9WVbpcgiOOa_26YbSgRbyaAOtOzEh_kfBEdtgq28Hvnz1l2W7yKxgh417ZCp8lOs3kfHXQCsM/pub
Level 20 Sciss-her Gal-a-them,https://docs.google.com/document/d/e/2PACX-1vQWu7XCcEfvK4ZUi3uv1JmQnrTP2JNxe0N8S3n_VUCDBdeVzyIWWmUd5xpt8nsHD93tuK5kA6ZvqyxQ/pub
D-Fuckin'-W,https://docs.google.com/document/d/e/2PACX-1vTRefXag3xK-3CuhhdTD2XOXMN0EeSlD7P-YDSOYL02-ZDn9It9ZN2X6s5_LYQDYjVMtB5QWff_jZjR/pub
They Might Be Giants,https://docs.google.com/document/d/e/2PACX-1vS0_sM1M2npv438RrhnW-JoDGa54fTGRWEsPTj3Q8uFgVZ9Y2_AwiOLvjitrbZYdq6cgrOpFxNM9Ift/pub
"Save the Goose, Save the World",https://docs.google.com/document/d/e/2PACX-1vTZECbcZy2GnpuspF7a40vpKQeYKVRxTQRFj75CHpBy4dl2FH69IcDs4AS58wgN0UKzhnIkVocUWhDu/pub
Big Aslan Energy,https://docs.google.com/document/d/e/2PACX-1vQk49l3GRYxatjqfN_BVQ6x9jD2zLlSoX9ijhVF-WAxBEeZeVFEpKTZZoTC8AgbbOKa9KfagPEipeIx/pub
It Happened,https://docs.google.com/document/d/e/2PACX-1vS426rQrA_wriUNSr-CZT6X3QnKg-HD-lb5q3pQ0qzqjWHZXAk2XJLTWy6s6KRfcqJ472a8b7hupd7m/pub
Creating Rounded Characters (with Lou Wilson),https://docs.google.com/document/d/e/2PACX-1vRIwT2GHb6ppjazlERkypgHxHHzeFJGOfj3-bVb41-cRY-D7LC29mtApdjTsbh9oXU7_r4moUsb2rZc/pub
Keeping a Game Going (with Amy Vorphal),https://docs.google.com/document/d/e/2PACX-1vQ6HynHkCaEIUCBu7LxWTDfwM8gQEGo7M8R6_8IR6ARA1ewCYAOKGjGkJ_eI1BnkVSfjAnzmwunGGz3/pub
Raising the Stakes (with Brian Murphy),https://docs.google.com/document/d/e/2PACX-1vQvAtKgVb1IarX1Kz2-xjdys9yssS2Mubdw14S2eYf4OaU_0xRAti1HLNLLcS5U4KFdUFSRUWlcCx1u/pub
Playing in a Safe Space (with Erika Ishii),https://docs.google.com/document/d/e/2PACX-1vTJymm8dGheJMpGKccH9FiC3t2Myr8N7RsUKhiqeBm99siL58dxM-eLfyShlk0mAEc9nOy9bImr40LE/pub
Being the Mean DM (with Noah Diamond),https://docs.google.com/document/d/e/2PACX-1vSz01YEo0NhRFchAclgqRHQbj3kcmolqatL4wkEXxAGOBz7aa5BmolavYZ7yxdluyoLEQDNbnTPefIg/pub
Finishing a Campaign (with Molly Ostertag),https://docs.google.com/document/d/e/2PACX-1vTxXt5wXXw_tn9KSZHV833xL7IXXOMCq8qoyM-tqPhhs13MBHcywWHSS0Z6TxWvji3CVEnDJwl54Rpe/pub
Building Your Own Campaign Setting (with Matthew Mercer),https://docs.google.com/document/d/e/2PACX-1vTJBTPQb3bWEojHH3C-3Bw2hgfUFO0ECmysUlS6f9ie9UBIy8AIpJjnQ2-L2XpOvWbMWQf1P4JiM0gV/pub
Leveling Up (with Satine Phoenix),https://docs.google.com/document/d/e/2PACX-1vQeSBLzg-ojSoQsus3hprsZVlV3aH7kwVSIvWxQQZ9Wpth491Kboy-NfJtaivDkdTmFyKMZor2q5a8A/pub
What to Do With a Nat 20 (with B. Dave Walters),https://docs.google.com/document/d/e/2PACX-1vQC72ZqcrhQch-zNoAXjC0w_rO3Gns2K8fRkLvkUWzociAHzpf9FKbqTdaBocw9SFB33WQOJoh8Egef/pub
Giving Yourself Permission to Feel (with Marisha Ray),https://docs.google.com/document/d/e/2PACX-1vRVksdW4Ega5TByLvRCg_bPmJdzjZ4dkPNA4laVwClT-kBkweIiuZjcc6WqNlKMd3tgc0jIC0wb1Qb7/pub
Playing a Cooperative Game (with Nick Marini),https://docs.google.com/document/d/e/2PACX-1vSio6p655BPVgaLKvojz0WpCTKT44QebRFjTzG1ua6dJn93h0JJaUwKxZQ-t9DcyTrlB0cCY0v-XOou/pub
Healing Through D&D (with Krystina Arielle),https://docs.google.com/document/d/e/2PACX-1vTB39d695F5uAXuloohAGi4lYfel9PdVMDVT3AcQgm4__np85Q73tsAkDOkIwJzjU1zc9pa0O-ucXOG/pub
Reunion with the Cast of Escape From the Bloodkeep,https://docs.google.com/document/d/e/2PACX-1vQnDvcSWXHVsRoESyM-pALMOoKN78XjNHVfuU4kH_pg5thVlAcQ7VB0rTxA8WVl9Pe9om4hFmmrbaRi/pub
Reunion with the Cast of Escape From the Bloodkeep Pt. 2,https://docs.google.com/document/d/e/2PACX-1vQJFxB5pgGG_j2oNzCa6BozP8mcFDmTt-m2LAMs-Uje5Dui5gWyOaXakiap8_Sl3HtdACRGKPzGf8ea/pub
Introducing Horror to a Game with Ivan Van Norman,https://docs.google.com/document/d/e/2PACX-1vSwK5WytHwICP2vFnr677lQa5Aj3GSXUXsDAFhiTkBRXt7LVe9L8B-nXpHi606Oq9UClBeL8PpLZpAU/pub
Finding Fun in Failure with Siobhan Thompson,https://docs.google.com/document/d/e/2PACX-1vQlBdg47newtnBLwbfqJB4l8ZYlZOvGYhOos4RsVfZP89oEM8lyac3GMB8d8ryncrpqcacgm36fYZGx/pub
Killing Off Characters with Jack Covell,https://docs.google.com/document/d/e/2PACX-1vQd_IgNN0c7mlSkdVP9AqXhHyF7zOoWgADUzGoeQqYFuR1D4m2WiihcuywvZUIqu3XfexBvTWnUeaaf/pub
Storytelling As a Game Master with Peter Warren,https://docs.google.com/document/d/e/2PACX-1vSj6YMT1K3TLKxBgZpPNOO0qA43MVIyar4olPrQw9ybw5cBS-Vsl-xL7ZH9qqpmXbqf7-q3qvJMdQTX/pub
Balancing Comedy and Drama (with Freddie Wong),https://docs.google.com/document/d/e/2PACX-1vREZ-zWDp9oU4YpMu6xJxhhEVAIc4WYz3RdubFBHqqIUdhMS0EY4AU2dD95865OApqeYpbF98GaOrES/pub
See Me In Six Months (with Aabria Iyengar),https://docs.google.com/document/d/e/2PACX-1vTXgrttYG_Afjqw1n4W_9ub_ukjPAdIMTA_QSm29mZi7lvQBsr1iMZ22FJbVC7XIEJGRm4DMuSt9llt/pub
Bardic Inspiration (with Omega Jones,https://docs.google.com/document/d/e/2PACX-1vTBJ6vstDqvFgDVmTPiWqjHBgG7cLQXZYXzAnrjdo8Tn7gqH5PR7XTCsvaMOCgoUgUjcumpneCUr7zN/pub
The Joy of Mistakes (with Kelly Lynne D’Angelo),https://docs.google.com/document/d/e/2PACX-1vR1IMUqxsLqig9YjpfZtBD9Ss1eV4QKD1DRELKa7tqgS4P6FZiz3zgl_Y1oQ05tZIf-xDDuCIudWg6R/pub
Fantasy Shapes Reality (with Jennifer Kretchmer,https://docs.google.com/document/d/e/2PACX-1vRONB-DeEvr7ChUmH99n7Hyal_Rqzh-sXCBLH1YEltvXRKlc9ZveSm7HXUzpHHApICJAVqZXB_MzYhE/pub
There Are Gray Areas In Life (with Orion Black),https://docs.google.com/document/d/e/2PACX-1vRzaqXEAS7tmDnchlR7raIje5vmjVM9nCf-pe0oEDvTwInTFgBsqJcn9xhd6L2OPfjMiR_yK7WfQb-r/pub
"I’m Gonna Have To Prod You, Sparta-Style (with Alicia Marie)",https://docs.google.com/document/d/e/2PACX-1vSqpyV5w4rV8w-WPRemeegL0q9D8NDZNNXNNuwdfjhNNW1J7s-Duxiq43yqzwL4Xx9MJ4HjWNO61ML0/pub
Murph and Emily’s Friend (with Caldwell Tanner),https://docs.google.com/document/d/e/2PACX-1vSRl876chfxYbKIXpYn05Ao8xoue9XgPBrPlcosx5oTmkrsVKNiZtBLSMbRCuZSSD_AghQ7zsAjKB4J/pub
No Introduction Needed (with Emily Axford),https://docs.google.com/document/d/e/2PACX-1vTLQd3LH1dniyJDxYX37IkbpkSZ-B9Tbn5jWEODOOgVZVz-jBHDsenmEinAALRwbzokP0UjjbmEQhmN/pub
Leave the Table Better Than You Found It (with Honey and Dice),https://docs.google.com/document/d/e/2PACX-1vTidCe6SKCUlNBxjTgE4yXnbgDNSHwWBtQiVh3vu1XoGZjSiYKqUjYd1iq6p5KYbJnUZ6z12xNP1gKU/pub
Story Pirates Reunited (with Branson Reese),https://docs.google.com/document/d/e/2PACX-1vRYp-9AitsO0vjeI8CyPyFUlpaHKCHjmb9rNyByP5DmGJ-7u2KC94rvYGaBg4Ockp6cTT0MHLzJjzxx/pub
An IRL Paladin (with Tanya DePass),https://docs.google.com/document/d/e/2PACX-1vRY7vaCH1z9viWPsdCA-zupOaP5KE6ZQtYzKV5nw4rSouM7OJL_CeMgGqW0VbS0YksDXeSqzLJFxhWo/pub
The Story of Now (with Deborah Ann Woll),https://docs.google.com/document/d/e/2PACX-1vQsMZxTTguCYJ-9YbIrjGZ9cnndA2WrHy9PaHsT0PWMoJw0i-_9P5pXoybu4WOPG2wlcO4jiYfkOQnw/pub
Control the Narrative (with Jasmine Bhullar),https://docs.google.com/document/d/e/2PACX-1vTyAZlJ4yuFHrL6ySPTQGKJIEebPgZMCpePz8U-EVwcA__HIGliUlue5VAsy76oKYKK7rgSv0sKRm0G/pub
Chasing Noises (with Becca Scott),https://docs.google.com/document/d/e/2PACX-1vS5F70eLFx4vDoYu22rOqvsXBszqSte98lsOUbif_A1u_zrRnGZDUxoXVw7i1dXxkKtQgGd69VzPO6P/pub
Animating Your Table (with Benjamin Scott),https://docs.google.com/document/d/e/2PACX-1vRmtKIwlfyeqj62sQLx6yYGfuzxpXzF0nE8jv4KIonG_qPy2XH5A1KB7jXg5zq93cVUrwT8q0jpPINJ/pub
Grand Design (with Gabriel Hicks),https://docs.google.com/document/d/e/2PACX-1vTWa-iJS9gaBiiVJ6-ImPHeo8DWyJNtl4kjSM9BrC-IISm2G_Hip2gzIjnLn1IjQelsBdvFwxu3Z4T4/pub
Shout Out To Fluff (with Griffin McElroy),https://docs.google.com/document/d/e/2PACX-1vRrF2UrvrXbr2yCevD9Szq86aVYHkcdbzUlyde9gs4ynMBJx-bzWUogivcLQ1Za1h2-9kwTgzQYrqkX/pub
Sincerity Is the Key (with Travis McElroy),https://docs.google.com/document/d/e/2PACX-1vRSBa12LG8ER-QRnrSGIotrUtDlik5h39h2ExcBeBwrsaEFc9WwT63qIcl7LzgGYiassZfPkpXLLMZs/pub
You've Been Called (with Dael Kingsmill),https://docs.google.com/document/d/e/2PACX-1vT-Lf7uelvxeqwQ21ewBzdY4NASpeAbxu3J75FVIYZm1Pd6dYAXNbENSniKvkbH7fv06tbeE2U_wIls/pub
Artwork is 360 Degrees (with Carlos Luna),https://docs.google.com/document/d/e/2PACX-1vQqU00lH8_OlJbBpMOHRVDCa-R_mhBng0SnCaiUlQfKyZ5V4q-iy1iFe0T1_NNnZeQmugvQIFpVM3LO/pub
What Does ‘Ready’ Mean (with Zac Oyama),https://docs.google.com/document/d/e/2PACX-1vRylFsUxjntFg8pyWvTUie5PR-AQ9fM64GLdyM-S4mQFKAAZlGaBX40uK1DUoTcLz57WjIvXO0J-H8N/pub
Represent (with Daniel Kwan),https://docs.google.com/document/d/e/2PACX-1vSh_QRL27MVGRZIoZFK5O3H4VwFSK_wvcv3ozcQ176CLHxuOHyFbqKVHFjgfkv0nFpwQAd_RBRU_1_S/pub
Conflict Resolution (with LaTia Jacquise),https://docs.google.com/document/d/e/2PACX-1vSLn8mG2G1WNAMVscOxK78S1A_-8MhftmE1GebCa5kMqpBiUyVIqpqKkhTZMAIDvcglGFjJaIp5R3Cj/pub
Give People More Room (with Diana Gaeta),https://docs.google.com/document/d/e/2PACX-1vTOPWE5tviaQEZJVn2gGnI9-nW5rh9aBji9UjYDI0xuMd5cHNABC7icU_Y9TXO2IOU23vgDuaGgC_lG/pub
Making Dinner For Friends (with Eric Silver),https://docs.google.com/document/d/e/2PACX-1vRzJ_BoOgo8ai2O3V-K4injfaPV1czMh5tUBOBXh_IMHS9rH7Nj3tGasSNB_3ZK8KN25DpUBpPTq62G/pub
Let's Poke the Lich (with Persephone Valentine),https://docs.google.com/document/d/e/2PACX-1vR3iR-vh7q2jV9nfnfx166XWjusubKZKzpPAvJevd4CHBIM8PfUUzYAhHX-oTUY1O5JxKjiyEc3k9Sl/pub
For the Price of a Dream (with Ross Bryant),https://docs.google.com/document/d/e/2PACX-1vTCfX9aFrkWFvtQzIOn_WgQPsAFJXmNpQAJ9i6XOGIAv7Tt5V_o3fJWYBeNdF0szFzMmLDaS8ubSzQ_/pub
"The Braid of Character, Plot, and World (with Connie Chang)",https://docs.google.com/document/d/e/2PACX-1vQC8szn5yCGQLxU_ARWg6CcguWHaU-_ECsH8I9lDT_1Olu6IPYRT12JipmDKSaXT8Yu3qxTzt0L8dUX/pub
The Mythological Meets the Logistical (with Matthew Mercer),https://docs.google.com/document/d/e/2PACX-1vQde_BSsZCRiC0FtFDpFCd8PfpR6ZD1SN5PFEr60DPoXlOtMhXjyZJPKUQPPnQOzqQ_tjCrvQG7QZhj/pub
The New Mr. Peanut (with Lou Wilson),https://docs.google.com/document/d/e/2PACX-1vRTM9KeBvh2zL3Xe4AuvJaDJYMCXld-ef0NOE4HiN1-_LwOiTkRSlYEFx4nAySClT4smgYofRPvYo4B/pub
Sneak A-Snack (with Sam de Leve),https://docs.google.com/document/d/e/2PACX-1vSPdbENcVcR4QlkEjOi8vfD2S93MyvWoyjAroTEYvvpBMsXZVxwrs2PxilL9FHpwU1bTncDeYN1bYPH/pub
"Blight, Plants, Birds, and Almonds (with Aabria Iyengar)",https://docs.google.com/document/d/e/2PACX-1vReD1_i5ypyc-WIj4Lzy-azN2xAnkG9iCh8X0PurhWVHCw2rdaS3FdCc2BNVtfswopGqgxhkQNPq8Hp/pub
Studying and Training (with Johnny Stanton),https://docs.google.com/document/d/e/2PACX-1vTgr0Xf72Ggj1iyrRhFKPm_FeuoQUetCWqNZhPLi-lw9F6-mC4AcJQVlO18_M9TJ08lqpiIfvC2wmHB/pub
Honor the Absurd (with Jasmine Bhullar),https://docs.google.com/document/d/e/2PACX-1vR7QFydO9vwI9a6RmThOUg9sfUlyLtSbfFT0wcbEOWkOPjr0ZcV0rbuhkwrlkA6X7Q6F5JVhAc0lBlA/pub
