EP_Name,URL
The Beginning Begins,https://docs.google.com/document/d/e/2PACX-1vRKR-9o5d1OLxAseP3qu4g-OlJ0sBEHWsG2_4ytUZpuGQM1bwSn1G3vAmDXIHALZ9X74ULJIVK-2c5x/pub
Clash of the Corn Cuties,https://docs.google.com/document/d/e/2PACX-1vQ1LtfZ94OaWE9rXLhfR7RoxLI-DWaS_xYSbeOjPvuPsY9Ml7l_jhJX6z-qDV2PuZkawNwq9IzDkwKJ/pub
After the Afterlife,https://docs.google.com/document/d/e/2PACX-1vSl4QxicZf9h7JafBIRANGsEScLJLTbCYzbCCbrl-B6VMCySUUVcDCl4w43A57RLYEvssFlFZhj3ySA/pub
Rumble Road,https://docs.google.com/document/d/e/2PACX-1vT0fBiE0vY2EjU8PlR8aFUJHJMSbVG80_33t32lc8KxKyIYEfjnufa-Iz398jk0Uam7qk3urYJTpcP7/pub
The Pixie and the Palimpsest,https://docs.google.com/document/d/e/2PACX-1vTysHaphqizFFtcFBNyAahqUIaeEbx_lvONuspRTF8-OSZZezg7XD6CduiyLTmhEpdGNHYqCm99dHha/pub
Brawl at the Black Pit,https://docs.google.com/document/d/e/2PACX-1vRqnVuHcLTj8R6ixEyoYLoulfO8Fpm_iESB3KADDbv1J3p5zHoi3oAgmYv6hgLBXJ0taK6UExrSygEl/pub
Graveyard of Good and Evil,https://docs.google.com/document/d/e/2PACX-1vQQ1GyfskJHlAZCyXdRwYNnwgrKGOeZ0uUzQne7EWXonf-Tr5nLnXZ7vr_yqx71wbkpGuwCQ91piWz-/pub
Havoc on the Half-Pipe,https://docs.google.com/document/d/e/2PACX-1vT70u6XsNhbDajPflZj4LvPcBLbl-AghN21O2Ed_enGQ7bZbDHhLYOt8mkgh0AKfZ9uQZXDoaVPMdZe/pub
Dishing with a Demon,https://docs.google.com/document/d/e/2PACX-1vQ1fg9N0eJjkq-0DKcKAIthzcez8GFLoG9D2ZOQZOOmLOisJVR8FGiRlaxFNBylZB67Dun8AO_2YbKP/pub
Battle of the Bloodrush Brethren,https://docs.google.com/document/d/e/2PACX-1vQnbDSlAs21j_QSw_c0lt_ZyqrkJ-5JSiBeK9HFvsopQW4LqOUZSpRYH2n55cHuOQvR6atM4Hq_7GsU/pub
"Cool Kids, Cold Case",https://docs.google.com/document/d/e/2PACX-1vR_NPp5BlzOSv1Iboca0amFNeuqVzrzGHzqnZbXxJ8tzK_LGTkPlnYfYCXel5NzdIs8pA5_L3YNdM2c/pub
The Sisterly Showdown,https://docs.google.com/document/d/e/2PACX-1vQZx5Uhp5hv2MdjicxeX8UcY_vEBHogjREJdG93SMto53xznZGgp054KRxKuExMNsUgbmOSWVCj5GOa/pub
First Kisses and Last Words,https://docs.google.com/document/d/e/2PACX-1vQOfoWqSVOqf2wjiVpBvq-T8rclCS9tIc36m_qqQtJLU11VlViTNb39Ggd90bfkkD0ckuFjO91H2bzS/pub
Arcade Ambush,https://docs.google.com/document/d/e/2PACX-1vQH5ngs85G7HoD3Ov5gGtpPlRGIufR71pe6v2TtffRQKiIHo_pviiWeUJYPbTyj7nKKhr5rlVUGhvqj/pub
Family in Flames,https://docs.google.com/document/d/e/2PACX-1vRN2YyKWcQcvjJESXtaETFtCaTulF7c3MB9BzGY6X7XkVt-jclityx_hz76i-uNCzkLvawxzxMb-2vm/pub
Prompocalypse,https://docs.google.com/document/d/e/2PACX-1vSecgJBjvTcOupeFUWd2iZHxX9ZyVwRf2ch1KmmbA0Nw_OFvAEslgny9likcgoMoE1bKgbFHuPiFo54/pub
Prompocalypse Part 2,https://docs.google.com/document/d/e/2PACX-1vRYjzjHk1rYt7klBpXexlzUH5jPm2xmITrIheR3ue_2pLqYNemBXOXBzJsc6W-48Lt1h0jm8fxVQYCd/pub
